ID TEST,ERROR LOG,KEYS,COMPONENTS,RESULT,PROCEDURE,BUG SUITE,BUG PRODOTTO
[M2M_V3_MANUAL_ARCHIVING_DESCRIPTOR_1.2],"failed: java.lang.RuntimeException: Invalid response 400 BAD_REQUEST: class Client {    id: 812ed082-a3bd-4191-a80b-2840b65e3b94    createdAt: 2026-07-08T19:27:15.710Z    consumer: class CompactOrganization {        id: e79a24cd-8edc-441e-ae8d-e87c3aea0059        name: Comune di Milano        kind: null        contactMail: null        hasUnreadNotifications: null    }    admin: null    name: client-0-0-694625103    purposes: []    description: Descrizione client    kind: API}	at it.pagopa.interop.authorization.service.DataPreparationService.assertValidResponse(DataPreparationService.java:147)	at it.pagopa.interop.authorization.service.DataPreparationService.addMemberToClient(DataPreparationService.java:71)	at it.pagopa.interop.authorization.service.M2MTokenService.getToken(M2MTokenService.java:79)	at it.pagopa.interop.authorization.service.identity.IdentityServiceInteropImpl.getToken(IdentityServiceInteropImpl.java:36)	at it.pagopa.interop.authorization.service.identity.IdentityServiceInteropImpl.getToken(IdentityServiceInteropImpl.java:29)	at it.pagopa.pn.interop.cucumber.steps.m2m.M2MAuthSteps.authenticateM2MUser(M2MAuthSteps.java:61)	at ✽.l'utente è un ""admin"" di ""PA1"" con ruolo M2M m2m(classpath:it/pagopa/pn/cucumber/m2mgateway/apiv3/m2m-v3-descriptor-archiving.feature:20)","
","
","Il test fallisce perché l'endpoint restituisce inizialmente una serie di errori 504 Gateway Timeout e un 500 Internal Server Error, seguiti infine da un 400 Bad Request con dettaglio ""User already assigned to the client"". Questo comportamento dimostra che, nonostante i codici di errore della famiglia 5XX ricevuti inizialmente, l'operazione è stata in realtà presa in carico ed eseguita con successo dal backend. Il KO è pertanto da considerarsi un falso negativo applicativo, causato da un problema di latenza o di gestione dei timeout infrastrutturali che ha interrotto la corretta ricezione della risposta.","Analisi dei log ed esecuzione in locale.
",,PIN-10570
[M2M_V3_MANUAL_ARCHIVING_ESERVICE_1.4],"failed: java.lang.RuntimeException: Invalid response 400 BAD_REQUEST: class Client {    id: 9b20bd8d-f05e-47c7-a82a-94df69938374    createdAt: 2026-07-08T19:37:33.064Z    consumer: class CompactOrganization {        id: e79a24cd-8edc-441e-ae8d-e87c3aea0059        name: Comune di Milano        kind: null        contactMail: null        hasUnreadNotifications: null    }    admin: null    name: client-0-0-896469829    purposes: []    description: Descrizione client    kind: API}	at it.pagopa.interop.authorization.service.DataPreparationService.assertValidResponse(DataPreparationService.java:147)	at it.pagopa.interop.authorization.service.DataPreparationService.addMemberToClient(DataPreparationService.java:71)	at it.pagopa.interop.authorization.service.M2MTokenService.getToken(M2MTokenService.java:79)	at it.pagopa.interop.authorization.service.identity.IdentityServiceInteropImpl.getToken(IdentityServiceInteropImpl.java:36)	at it.pagopa.interop.authorization.service.identity.IdentityServiceInteropImpl.getToken(IdentityServiceInteropImpl.java:29)	at it.pagopa.pn.interop.cucumber.steps.m2m.M2MAuthSteps.authenticateM2MUser(M2MAuthSteps.java:61)	at ✽.l'utente è un ""admin"" di ""PA1"" con ruolo M2M m2m(classpath:it/pagopa/pn/cucumber/m2mgateway/apiv3/m2m-v3-eservice-archiving.feature:46)","
","
","Il test fallisce perché l'endpoint restituisce inizialmente una serie di errori 504 Gateway Timeout e un 500 Internal Server Error, seguiti infine da un 400 Bad Request con dettaglio ""User already assigned to the client"". Questo comportamento dimostra che, nonostante i codici di errore della famiglia 5XX ricevuti inizialmente, l'operazione è stata in realtà presa in carico ed eseguita con successo dal backend. Il KO è pertanto da considerarsi un falso negativo applicativo, causato da un problema di latenza o di gestione dei timeout infrastrutturali che ha interrotto la corretta ricezione della risposta.","Analisi dei log ed esecuzione in locale.
",,PIN-10570
[M2M_V3_MANUAL_ARCHIVING_ESERVICE_CANCELLATION_1.6],"failed: java.lang.RuntimeException: Invalid response 400 BAD_REQUEST: class Client {    id: af39e905-1535-4b15-be5f-b48ca4d8f12f    createdAt: 2026-07-08T19:27:21.341Z    consumer: class CompactOrganization {        id: e79a24cd-8edc-441e-ae8d-e87c3aea0059        name: Comune di Milano        kind: null        contactMail: null        hasUnreadNotifications: null    }    admin: null    name: client-0-0-1531161517    purposes: []    description: Descrizione client    kind: API}	at it.pagopa.interop.authorization.service.DataPreparationService.assertValidResponse(DataPreparationService.java:147)	at it.pagopa.interop.authorization.service.DataPreparationService.addMemberToClient(DataPreparationService.java:71)	at it.pagopa.interop.authorization.service.M2MTokenService.getToken(M2MTokenService.java:79)	at it.pagopa.interop.authorization.service.identity.IdentityServiceInteropImpl.getToken(IdentityServiceInteropImpl.java:36)	at it.pagopa.interop.authorization.service.identity.IdentityServiceInteropImpl.getToken(IdentityServiceInteropImpl.java:29)	at it.pagopa.pn.interop.cucumber.steps.m2m.M2MAuthSteps.authenticateM2MUser(M2MAuthSteps.java:61)	at ✽.l'utente è un ""admin"" di ""PA1"" con ruolo M2M m2m-admin(classpath:it/pagopa/pn/cucumber/m2mgateway/apiv3/m2m-v3-eservice-archiving.feature:202)","
","
","Il test fallisce perché l'endpoint restituisce inizialmente una serie di errori 504 Gateway Timeout e un 500 Internal Server Error, seguiti infine da un 400 Bad Request con dettaglio ""User already assigned to the client"". Questo comportamento dimostra che, nonostante i codici di errore della famiglia 5XX ricevuti inizialmente, l'operazione è stata in realtà presa in carico ed eseguita con successo dal backend. Il KO è pertanto da considerarsi un falso negativo applicativo, causato da un problema di latenza o di gestione dei timeout infrastrutturali che ha interrotto la corretta ricezione della risposta.","Analisi dei log ed esecuzione in locale.
",,PIN-10570
[CREATE_PRODUCER_KEYCHAINS_1b],"failed: java.lang.RuntimeException: Invalid response 504 GATEWAY_TIMEOUT: [class CompactUser {    userId: f07ddb8f-17f9-47d4-b31e-35d1ac10e521    name: Ivan    familyName: Diana}]	at it.pagopa.interop.authorization.service.DataPreparationService.assertValidResponse(DataPreparationService.java:147)	at it.pagopa.interop.authorization.service.DataPreparationService.editClientAdmin(DataPreparationService.java:122)	at it.pagopa.interop.authorization.service.M2MTokenService.getToken(M2MTokenService.java:82)	at it.pagopa.interop.authorization.service.identity.IdentityServiceInteropImpl.getToken(IdentityServiceInteropImpl.java:36)	at it.pagopa.interop.authorization.service.identity.IdentityServiceInteropImpl.getToken(IdentityServiceInteropImpl.java:29)	at it.pagopa.pn.interop.cucumber.steps.m2m.M2MAuthSteps.authenticateM2MUser(M2MAuthSteps.java:61)	at ✽.l'utente è un ""admin"" di ""PA1"" con ruolo M2M m2m-admin(classpath:it/pagopa/pn/cucumber/m2mgateway/apiv3/producer-keychains/producer-keychains-create.feature:28)","
","
","Il test fallisce perché l'endpoint restituisce inizialmente una serie di errori 504 Gateway Timeout e un 500 Internal Server Error, seguiti infine da un 400 Bad Request con dettaglio ""User already assigned to the client"". Questo comportamento dimostra che, nonostante i codici di errore della famiglia 5XX ricevuti inizialmente, l'operazione è stata in realtà presa in carico ed eseguita con successo dal backend. Il KO è pertanto da considerarsi un falso negativo applicativo, causato da un problema di latenza o di gestione dei timeout infrastrutturali che ha interrotto la corretta ricezione della risposta.","Analisi dei log ed esecuzione in locale.
",,PIN-10570
[CREATE_PRODUCER_KEYCHAINS_1b],"failed: java.lang.RuntimeException: Invalid response 400 BAD_REQUEST: class Client {    id: 67631a0c-4246-4ee8-a8a9-65e60fec8538    createdAt: 2026-07-08T19:28:35.882Z    consumer: class CompactOrganization {        id: e79a24cd-8edc-441e-ae8d-e87c3aea0059        name: Comune di Milano        kind: null        contactMail: null        hasUnreadNotifications: null    }    admin: null    name: client-0-0-1718917057    purposes: []    description: Descrizione client    kind: API}	at it.pagopa.interop.authorization.service.DataPreparationService.assertValidResponse(DataPreparationService.java:147)	at it.pagopa.interop.authorization.service.DataPreparationService.addMemberToClient(DataPreparationService.java:71)	at it.pagopa.interop.authorization.service.M2MTokenService.getToken(M2MTokenService.java:79)	at it.pagopa.interop.authorization.service.identity.IdentityServiceInteropImpl.getToken(IdentityServiceInteropImpl.java:36)	at it.pagopa.interop.authorization.service.identity.IdentityServiceInteropImpl.getToken(IdentityServiceInteropImpl.java:29)	at it.pagopa.pn.interop.cucumber.steps.m2m.M2MAuthSteps.authenticateM2MUser(M2MAuthSteps.java:61)	at ✽.l'utente è un ""admin"" di ""PA1"" con ruolo M2M m2m-admin(classpath:it/pagopa/pn/cucumber/m2mgateway/apiv3/producer-keychains/producer-keychains-create.feature:28)","
","
","Il test fallisce perché l'endpoint restituisce inizialmente una serie di errori 504 Gateway Timeout e un 500 Internal Server Error, seguiti infine da un 400 Bad Request con dettaglio ""User already assigned to the client"". Questo comportamento dimostra che, nonostante i codici di errore della famiglia 5XX ricevuti inizialmente, l'operazione è stata in realtà presa in carico ed eseguita con successo dal backend. Il KO è pertanto da considerarsi un falso negativo applicativo, causato da un problema di latenza o di gestione dei timeout infrastrutturali che ha interrotto la corretta ricezione della risposta.","Analisi dei log ed esecuzione in locale.
",,PIN-10570
[CREATE_PRODUCER_KEYCHAINS_1b],"failed: java.lang.RuntimeException: Invalid response 400 BAD_REQUEST: class Client {    id: 07f98e4c-8f76-4579-92a1-f8a65f218064    createdAt: 2026-07-08T19:28:37.155Z    consumer: class CompactOrganization {        id: e79a24cd-8edc-441e-ae8d-e87c3aea0059        name: Comune di Milano        kind: null        contactMail: null        hasUnreadNotifications: null    }    admin: null    name: client-0-0-1380293451    purposes: []    description: Descrizione client    kind: API}	at it.pagopa.interop.authorization.service.DataPreparationService.assertValidResponse(DataPreparationService.java:147)	at it.pagopa.interop.authorization.service.DataPreparationService.addMemberToClient(DataPreparationService.java:71)	at it.pagopa.interop.authorization.service.M2MTokenService.getToken(M2MTokenService.java:79)	at it.pagopa.interop.authorization.service.identity.IdentityServiceInteropImpl.getToken(IdentityServiceInteropImpl.java:36)	at it.pagopa.interop.authorization.service.identity.IdentityServiceInteropImpl.getToken(IdentityServiceInteropImpl.java:29)	at it.pagopa.pn.interop.cucumber.steps.m2m.M2MAuthSteps.authenticateM2MUser(M2MAuthSteps.java:61)	at ✽.l'utente è un ""admin"" di ""PA1"" con ruolo M2M m2m-admin(classpath:it/pagopa/pn/cucumber/m2mgateway/apiv3/producer-keychains/producer-keychains-create.feature:28)","
","
","Il test fallisce perché l'endpoint restituisce inizialmente una serie di errori 504 Gateway Timeout e un 500 Internal Server Error, seguiti infine da un 400 Bad Request con dettaglio ""User already assigned to the client"". Questo comportamento dimostra che, nonostante i codici di errore della famiglia 5XX ricevuti inizialmente, l'operazione è stata in realtà presa in carico ed eseguita con successo dal backend. Il KO è pertanto da considerarsi un falso negativo applicativo, causato da un problema di latenza o di gestione dei timeout infrastrutturali che ha interrotto la corretta ricezione della risposta.","Analisi dei log ed esecuzione in locale.
",,PIN-10570
[CREATE_PRODUCER_KEYCHAINS_1b],"failed: java.lang.RuntimeException: Invalid response 504 GATEWAY_TIMEOUT: class Client {    id: 6912bd44-9e51-4840-a982-04f0f2119bd3    createdAt: 2026-07-08T19:26:59.697Z    consumer: class CompactOrganization {        id: e79a24cd-8edc-441e-ae8d-e87c3aea0059        name: Comune di Milano        kind: null        contactMail: null        hasUnreadNotifications: null    }    admin: class CompactUser {        userId: f07ddb8f-17f9-47d4-b31e-35d1ac10e521        name: Ivan        familyName: Diana    }    name: client-0-0-1724324410    purposes: []    description: Descrizione client    kind: API}	at it.pagopa.interop.authorization.service.DataPreparationService.assertValidResponse(DataPreparationService.java:147)	at it.pagopa.interop.authorization.service.DataPreparationService.addPublicKeyToClient(DataPreparationService.java:99)	at it.pagopa.interop.authorization.service.M2MTokenService.getToken(M2MTokenService.java:89)	at it.pagopa.interop.authorization.service.identity.IdentityServiceInteropImpl.getToken(IdentityServiceInteropImpl.java:36)	at it.pagopa.interop.authorization.service.identity.IdentityServiceInteropImpl.getToken(IdentityServiceInteropImpl.java:29)	at it.pagopa.pn.interop.cucumber.steps.m2m.M2MAuthSteps.authenticateM2MUser(M2MAuthSteps.java:61)	at ✽.l'utente è un ""admin"" di ""PA1"" con ruolo M2M m2m-admin(classpath:it/pagopa/pn/cucumber/m2mgateway/apiv3/producer-keychains/producer-keychains-create.feature:28)","
","
","Il test fallisce perché l'endpoint restituisce inizialmente una serie di errori 504 Gateway Timeout e un 500 Internal Server Error, seguiti infine da un 400 Bad Request con dettaglio ""User already assigned to the client"". Questo comportamento dimostra che, nonostante i codici di errore della famiglia 5XX ricevuti inizialmente, l'operazione è stata in realtà presa in carico ed eseguita con successo dal backend. Il KO è pertanto da considerarsi un falso negativo applicativo, causato da un problema di latenza o di gestione dei timeout infrastrutturali che ha interrotto la corretta ricezione della risposta.","Analisi dei log ed esecuzione in locale.
",,PIN-10570
[CREATE_PRODUCER_KEYCHAINS_2],"failed: java.lang.RuntimeException: Invalid response 400 BAD_REQUEST: class Client {    id: 34d6f08a-fa8b-47eb-abb1-59cd3d0e736c    createdAt: 2026-07-08T19:28:35.854Z    consumer: class CompactOrganization {        id: e79a24cd-8edc-441e-ae8d-e87c3aea0059        name: Comune di Milano        kind: null        contactMail: null        hasUnreadNotifications: null    }    admin: null    name: client-0-0-1881386342    purposes: []    description: Descrizione client    kind: API}	at it.pagopa.interop.authorization.service.DataPreparationService.assertValidResponse(DataPreparationService.java:147)	at it.pagopa.interop.authorization.service.DataPreparationService.addMemberToClient(DataPreparationService.java:71)	at it.pagopa.interop.authorization.service.M2MTokenService.getToken(M2MTokenService.java:79)	at it.pagopa.interop.authorization.service.identity.IdentityServiceInteropImpl.getToken(IdentityServiceInteropImpl.java:36)	at it.pagopa.interop.authorization.service.identity.IdentityServiceInteropImpl.getToken(IdentityServiceInteropImpl.java:29)	at it.pagopa.pn.interop.cucumber.steps.m2m.M2MAuthSteps.authenticateM2MUser(M2MAuthSteps.java:61)	at ✽.l'utente è un ""admin"" di ""PA1"" con ruolo M2M m2m-admin(classpath:it/pagopa/pn/cucumber/m2mgateway/apiv3/producer-keychains/producer-keychains-create.feature:61)","
","
","Il test fallisce perché l'endpoint restituisce inizialmente una serie di errori 504 Gateway Timeout e un 500 Internal Server Error, seguiti infine da un 400 Bad Request con dettaglio ""User already assigned to the client"". Questo comportamento dimostra che, nonostante i codici di errore della famiglia 5XX ricevuti inizialmente, l'operazione è stata in realtà presa in carico ed eseguita con successo dal backend. Il KO è pertanto da considerarsi un falso negativo applicativo, causato da un problema di latenza o di gestione dei timeout infrastrutturali che ha interrotto la corretta ricezione della risposta.","Analisi dei log ed esecuzione in locale.
",,PIN-10570
[CREATE_PRODUCER_KEYCHAINS_2],"failed: java.lang.RuntimeException: Invalid response 504 GATEWAY_TIMEOUT: [class CompactUser {    userId: f07ddb8f-17f9-47d4-b31e-35d1ac10e521    name: Ivan    familyName: Diana}]	at it.pagopa.interop.authorization.service.DataPreparationService.assertValidResponse(DataPreparationService.java:147)	at it.pagopa.interop.authorization.service.DataPreparationService.editClientAdmin(DataPreparationService.java:122)	at it.pagopa.interop.authorization.service.M2MTokenService.getToken(M2MTokenService.java:82)	at it.pagopa.interop.authorization.service.identity.IdentityServiceInteropImpl.getToken(IdentityServiceInteropImpl.java:36)	at it.pagopa.interop.authorization.service.identity.IdentityServiceInteropImpl.getToken(IdentityServiceInteropImpl.java:29)	at it.pagopa.pn.interop.cucumber.steps.m2m.M2MAuthSteps.authenticateM2MUser(M2MAuthSteps.java:61)	at ✽.l'utente è un ""admin"" di ""PA1"" con ruolo M2M m2m-admin(classpath:it/pagopa/pn/cucumber/m2mgateway/apiv3/producer-keychains/producer-keychains-create.feature:61)","
","
","Il test fallisce perché l'endpoint restituisce inizialmente una serie di errori 504 Gateway Timeout e un 500 Internal Server Error, seguiti infine da un 400 Bad Request con dettaglio ""User already assigned to the client"". Questo comportamento dimostra che, nonostante i codici di errore della famiglia 5XX ricevuti inizialmente, l'operazione è stata in realtà presa in carico ed eseguita con successo dal backend. Il KO è pertanto da considerarsi un falso negativo applicativo, causato da un problema di latenza o di gestione dei timeout infrastrutturali che ha interrotto la corretta ricezione della risposta.","Analisi dei log ed esecuzione in locale.
",,PIN-10570
[DELETE_PRODUCER_KEYCHAINS_1],"failed: java.lang.RuntimeException: Invalid response 400 BAD_REQUEST: class Client {    id: b8b55ab6-519b-4897-a318-a937aed54ea0    createdAt: 2026-07-08T19:27:04.333Z    consumer: class CompactOrganization {        id: e79a24cd-8edc-441e-ae8d-e87c3aea0059        name: Comune di Milano        kind: null        contactMail: null        hasUnreadNotifications: null    }    admin: null    name: client-0-0-401062938    purposes: []    description: Descrizione client    kind: API}	at it.pagopa.interop.authorization.service.DataPreparationService.assertValidResponse(DataPreparationService.java:147)	at it.pagopa.interop.authorization.service.DataPreparationService.addMemberToClient(DataPreparationService.java:71)	at it.pagopa.interop.authorization.service.M2MTokenService.getToken(M2MTokenService.java:79)	at it.pagopa.interop.authorization.service.identity.IdentityServiceInteropImpl.getToken(IdentityServiceInteropImpl.java:36)	at it.pagopa.interop.authorization.service.identity.IdentityServiceInteropImpl.getToken(IdentityServiceInteropImpl.java:29)	at it.pagopa.pn.interop.cucumber.steps.m2m.M2MAuthSteps.authenticateM2MUser(M2MAuthSteps.java:61)	at ✽.l'utente è un ""admin"" di ""PA1"" con ruolo M2M m2m-admin(classpath:it/pagopa/pn/cucumber/m2mgateway/apiv3/producer-keychains/producer-keychains-delete.feature:5)","
","
","Il test fallisce perché l'endpoint restituisce inizialmente una serie di errori 504 Gateway Timeout e un 500 Internal Server Error, seguiti infine da un 400 Bad Request con dettaglio ""User already assigned to the client"". Questo comportamento dimostra che, nonostante i codici di errore della famiglia 5XX ricevuti inizialmente, l'operazione è stata in realtà presa in carico ed eseguita con successo dal backend. Il KO è pertanto da considerarsi un falso negativo applicativo, causato da un problema di latenza o di gestione dei timeout infrastrutturali che ha interrotto la corretta ricezione della risposta.","Analisi dei log ed esecuzione in locale.
",,PIN-10570
[DELETE_PRODUCER_KEYCHAINS_2],"failed: java.lang.RuntimeException: Invalid response 400 BAD_REQUEST: class Client {    id: d666c696-92fb-421e-8925-c4c31d228ecd    createdAt: 2026-07-08T19:28:36.776Z    consumer: class CompactOrganization {        id: e79a24cd-8edc-441e-ae8d-e87c3aea0059        name: Comune di Milano        kind: null        contactMail: null        hasUnreadNotifications: null    }    admin: null    name: client-0-0-1260260433    purposes: []    description: Descrizione client    kind: API}	at it.pagopa.interop.authorization.service.DataPreparationService.assertValidResponse(DataPreparationService.java:147)	at it.pagopa.interop.authorization.service.DataPreparationService.addMemberToClient(DataPreparationService.java:71)	at it.pagopa.interop.authorization.service.M2MTokenService.getToken(M2MTokenService.java:79)	at it.pagopa.interop.authorization.service.identity.IdentityServiceInteropImpl.getToken(IdentityServiceInteropImpl.java:36)	at it.pagopa.interop.authorization.service.identity.IdentityServiceInteropImpl.getToken(IdentityServiceInteropImpl.java:29)	at it.pagopa.pn.interop.cucumber.steps.m2m.M2MAuthSteps.authenticateM2MUser(M2MAuthSteps.java:61)	at ✽.l'utente è un ""admin"" di ""PA1"" con ruolo M2M m2m-admin(classpath:it/pagopa/pn/cucumber/m2mgateway/apiv3/producer-keychains/producer-keychains-delete.feature:24)","
","
","Il test fallisce perché l'endpoint restituisce inizialmente una serie di errori 504 Gateway Timeout e un 500 Internal Server Error, seguiti infine da un 400 Bad Request con dettaglio ""User already assigned to the client"". Questo comportamento dimostra che, nonostante i codici di errore della famiglia 5XX ricevuti inizialmente, l'operazione è stata in realtà presa in carico ed eseguita con successo dal backend. Il KO è pertanto da considerarsi un falso negativo applicativo, causato da un problema di latenza o di gestione dei timeout infrastrutturali che ha interrotto la corretta ricezione della risposta.","Analisi dei log ed esecuzione in locale.
",,PIN-10570
[DELETE_PRODUCER_KEYCHAINS_2],"failed: java.lang.RuntimeException: Invalid response 504 GATEWAY_TIMEOUT: class Client {    id: c4c8bf9b-808e-40ce-b93b-99a6a6ab28f6    createdAt: 2026-07-08T19:26:58.595Z    consumer: class CompactOrganization {        id: e79a24cd-8edc-441e-ae8d-e87c3aea0059        name: Comune di Milano        kind: null        contactMail: null        hasUnreadNotifications: null    }    admin: class CompactUser {        userId: f07ddb8f-17f9-47d4-b31e-35d1ac10e521        name: Ivan        familyName: Diana    }    name: client-0-0-1326364569    purposes: []    description: Descrizione client    kind: API}	at it.pagopa.interop.authorization.service.DataPreparationService.assertValidResponse(DataPreparationService.java:147)	at it.pagopa.interop.authorization.service.DataPreparationService.addPublicKeyToClient(DataPreparationService.java:99)	at it.pagopa.interop.authorization.service.M2MTokenService.getToken(M2MTokenService.java:89)	at it.pagopa.interop.authorization.service.identity.IdentityServiceInteropImpl.getToken(IdentityServiceInteropImpl.java:36)	at it.pagopa.interop.authorization.service.identity.IdentityServiceInteropImpl.getToken(IdentityServiceInteropImpl.java:29)	at it.pagopa.pn.interop.cucumber.steps.m2m.M2MAuthSteps.authenticateM2MUser(M2MAuthSteps.java:61)	at ✽.l'utente è un ""admin"" di ""PA1"" con ruolo M2M m2m-admin(classpath:it/pagopa/pn/cucumber/m2mgateway/apiv3/producer-keychains/producer-keychains-delete.feature:24)","
","
","Il test fallisce perché l'endpoint restituisce inizialmente una serie di errori 504 Gateway Timeout e un 500 Internal Server Error, seguiti infine da un 400 Bad Request con dettaglio ""User already assigned to the client"". Questo comportamento dimostra che, nonostante i codici di errore della famiglia 5XX ricevuti inizialmente, l'operazione è stata in realtà presa in carico ed eseguita con successo dal backend. Il KO è pertanto da considerarsi un falso negativo applicativo, causato da un problema di latenza o di gestione dei timeout infrastrutturali che ha interrotto la corretta ricezione della risposta.","Analisi dei log ed esecuzione in locale.
",,PIN-10570
[GET_PRODUCER_KEY_1],"failed: it.pagopa.interop.common.interceptor.dpop.IntegrityValidationInterceptor$IntegrityValidationException: Missing Digest header for POST https://api.qa.interop.pagopa.it/v3/producerKeychains/a35c7af3-17cc-4bc7-aa1a-6ad36ddf79cd/keys	at it.pagopa.interop.common.interceptor.dpop.IntegrityValidationInterceptor.validateDigestIfPresentOrRequired(IntegrityValidationInterceptor.java:147)	at it.pagopa.interop.common.interceptor.dpop.IntegrityValidationInterceptor.intercept(IntegrityValidationInterceptor.java:67)	at org.springframework.http.client.InterceptingClientHttpRequest$InterceptingRequestExecution.execute(InterceptingClientHttpRequest.java:93)	at it.pagopa.interop.config.springconfig.InteropRestTemplateConfiguration$RequestResponseLoggingInterceptor.logResponse(InteropRestTemplateConfiguration.java:145)	at it.pagopa.interop.config.springconfig.InteropRestTemplateConfiguration$RequestResponseLoggingInterceptor.intercept(InteropRestTemplateConfiguration.java:130)	at org.springframework.http.client.InterceptingClientHttpRequest$InterceptingRequestExecution.execute(InterceptingClientHttpRequest.java:93)	at it.pagopa.interop.common.interceptor.dpop.DPoPAuthInterceptor.intercept(DPoPAuthInterceptor.java:85)	at org.springframework.http.client.InterceptingClientHttpRequest$InterceptingRequestExecution.execute(InterceptingClientHttpRequest.java:93)	at it.pagopa.interop.common.interceptor.dpop.DPoPTokenInterceptor.intercept(DPoPTokenInterceptor.java:48)	at org.springframework.http.client.InterceptingClientHttpRequest$InterceptingRequestExecution.execute(InterceptingClientHttpRequest.java:93)	at org.springframework.http.client.InterceptingClientHttpRequest.executeInternal(InterceptingClientHttpRequest.java:77)	at org.springframework.http.client.AbstractBufferingClientHttpRequest.executeInternal(AbstractBufferingClientHttpRequest.java:48)	at org.springframework.http.client.AbstractClientHttpRequest.execute(AbstractClientHttpRequest.java:66)	at org.springframework.web.client.RestTemplate.doExecute(RestTemplate.java:776)	at org.springframework.web.client.RestTemplate.exchange(RestTemplate.java:670)	at it.pagopa.interop.generated.openapi.clients.m2mGatewayV3.ApiClient.invokeAPI(ApiClient.java:674)	at it.pagopa.interop.generated.openapi.clients.m2mGatewayV3.api.ProducerKeychainsApi.createProducerKeychainKeyWithHttpInfo(ProducerKeychainsApi.java:309)	at it.pagopa.interop.producer_keychains.service.M2MV3ProducerKeychainsClient.lambda$createProducerKeychainKey$5(M2MV3ProducerKeychainsClient.java:84)	at it.pagopa.interop.utils.HttpCallExecutor.performCall(HttpCallExecutor.java:63)	at it.pagopa.interop.common.client.AbstractClient.performOperation(AbstractClient.java:28)	at it.pagopa.interop.producer_keychains.service.M2MV3ProducerKeychainsClient.createProducerKeychainKey(M2MV3ProducerKeychainsClient.java:84)	at it.pagopa.pn.interop.cucumber.steps.m2m.apiv3.producer_keychains.ProducerKeychainsSteps.createKey(ProducerKeychainsSteps.java:164)	at ✽.l'utente crea una nuova chiave di tipo ""RSA"" all'interno del producer-keychains con:(classpath:it/pagopa/pn/cucumber/m2mgateway/apiv3/producer-keychains/producer-keychains-keys.feature:122)","
","
","Il test fallisce perché l'endpoint restituisce inizialmente una serie di errori 504 Gateway Timeout e un 500 Internal Server Error, seguiti infine da un 400 Bad Request con dettaglio ""User already assigned to the client"". Questo comportamento dimostra che, nonostante i codici di errore della famiglia 5XX ricevuti inizialmente, l'operazione è stata in realtà presa in carico ed eseguita con successo dal backend. Il KO è pertanto da considerarsi un falso negativo applicativo, causato da un problema di latenza o di gestione dei timeout infrastrutturali che ha interrotto la corretta ricezione della risposta.","Analisi dei log ed esecuzione in locale.
",,PIN-10570
[M2M_V3_GET_PRODUCER_KEYCHAINS_USERS_2],"failed: java.lang.RuntimeException: Invalid response 400 BAD_REQUEST: class Client {    id: 7bca27fa-631d-41f1-a99e-31b7f83947d5    createdAt: 2026-07-08T19:33:40.988Z    consumer: class CompactOrganization {        id: e79a24cd-8edc-441e-ae8d-e87c3aea0059        name: Comune di Milano        kind: null        contactMail: null        hasUnreadNotifications: null    }    admin: null    name: client-0-0-1920175050    purposes: []    description: Descrizione client    kind: API}	at it.pagopa.interop.authorization.service.DataPreparationService.assertValidResponse(DataPreparationService.java:147)	at it.pagopa.interop.authorization.service.DataPreparationService.addMemberToClient(DataPreparationService.java:71)	at it.pagopa.interop.authorization.service.M2MTokenService.getToken(M2MTokenService.java:79)	at it.pagopa.interop.authorization.service.identity.IdentityServiceInteropImpl.getToken(IdentityServiceInteropImpl.java:36)	at it.pagopa.interop.authorization.service.identity.IdentityServiceInteropImpl.getToken(IdentityServiceInteropImpl.java:29)	at it.pagopa.pn.interop.cucumber.steps.m2m.M2MAuthSteps.authenticateM2MUser(M2MAuthSteps.java:61)	at ✽.l'utente è un ""admin"" di ""PA1"" con ruolo M2M m2m-admin(classpath:it/pagopa/pn/cucumber/m2mgateway/apiv3/producer-keychains/producer-keychains-keys.feature:345)","
","
","Il test fallisce perché l'endpoint restituisce inizialmente una serie di errori 504 Gateway Timeout e un 500 Internal Server Error, seguiti infine da un 400 Bad Request con dettaglio ""User already assigned to the client"". Questo comportamento dimostra che, nonostante i codici di errore della famiglia 5XX ricevuti inizialmente, l'operazione è stata in realtà presa in carico ed eseguita con successo dal backend. Il KO è pertanto da considerarsi un falso negativo applicativo, causato da un problema di latenza o di gestione dei timeout infrastrutturali che ha interrotto la corretta ricezione della risposta.","Analisi dei log ed esecuzione in locale.
",,PIN-10570
[M2M_V3_GET_PRODUCER_KEYCHAINS_USERS_3],"failed: java.lang.RuntimeException: Invalid response 504 GATEWAY_TIMEOUT: class Client {    id: e75991c6-e8fc-4267-bbd8-e5b749c118d3    createdAt: 2026-07-08T19:32:00.398Z    consumer: class CompactOrganization {        id: e79a24cd-8edc-441e-ae8d-e87c3aea0059        name: Comune di Milano        kind: null        contactMail: null        hasUnreadNotifications: null    }    admin: class CompactUser {        userId: f07ddb8f-17f9-47d4-b31e-35d1ac10e521        name: Ivan        familyName: Diana    }    name: client-0-0-1358473037    purposes: []    description: Descrizione client    kind: API}	at it.pagopa.interop.authorization.service.DataPreparationService.assertValidResponse(DataPreparationService.java:147)	at it.pagopa.interop.authorization.service.DataPreparationService.addPublicKeyToClient(DataPreparationService.java:99)	at it.pagopa.interop.authorization.service.M2MTokenService.getToken(M2MTokenService.java:89)	at it.pagopa.interop.authorization.service.identity.IdentityServiceInteropImpl.getToken(IdentityServiceInteropImpl.java:36)	at it.pagopa.interop.authorization.service.identity.IdentityServiceInteropImpl.getToken(IdentityServiceInteropImpl.java:29)	at it.pagopa.pn.interop.cucumber.steps.m2m.M2MAuthSteps.authenticateM2MUser(M2MAuthSteps.java:61)	at ✽.l'utente è un ""admin"" di ""PA1"" con ruolo M2M m2m-admin(classpath:it/pagopa/pn/cucumber/m2mgateway/apiv3/producer-keychains/producer-keychains-keys.feature:356)","
","
","Il test fallisce perché l'endpoint restituisce inizialmente una serie di errori 504 Gateway Timeout e un 500 Internal Server Error, seguiti infine da un 400 Bad Request con dettaglio ""User already assigned to the client"". Questo comportamento dimostra che, nonostante i codici di errore della famiglia 5XX ricevuti inizialmente, l'operazione è stata in realtà presa in carico ed eseguita con successo dal backend. Il KO è pertanto da considerarsi un falso negativo applicativo, causato da un problema di latenza o di gestione dei timeout infrastrutturali che ha interrotto la corretta ricezione della risposta.","Analisi dei log ed esecuzione in locale.
",,PIN-10570
[M2M_V3_DELETE_PRODUCER_KEYCHAINS_USERS_ASSOCIATION_4],"failed: java.lang.RuntimeException: Invalid response 504 GATEWAY_TIMEOUT: class Client {    id: 20abdb93-42b0-4018-8d7e-b4c22f06131d    createdAt: 2026-07-08T19:26:57.644Z    consumer: class CompactOrganization {        id: e79a24cd-8edc-441e-ae8d-e87c3aea0059        name: Comune di Milano        kind: null        contactMail: null        hasUnreadNotifications: null    }    admin: class CompactUser {        userId: f07ddb8f-17f9-47d4-b31e-35d1ac10e521        name: Ivan        familyName: Diana    }    name: client-0-0-1668575773    purposes: []    description: Descrizione client    kind: API}	at it.pagopa.interop.authorization.service.DataPreparationService.assertValidResponse(DataPreparationService.java:147)	at it.pagopa.interop.authorization.service.DataPreparationService.addPublicKeyToClient(DataPreparationService.java:99)	at it.pagopa.interop.authorization.service.M2MTokenService.getToken(M2MTokenService.java:89)	at it.pagopa.interop.authorization.service.identity.IdentityServiceInteropImpl.getToken(IdentityServiceInteropImpl.java:36)	at it.pagopa.interop.authorization.service.identity.IdentityServiceInteropImpl.getToken(IdentityServiceInteropImpl.java:29)	at it.pagopa.pn.interop.cucumber.steps.m2m.M2MAuthSteps.authenticateM2MUser(M2MAuthSteps.java:61)	at ✽.l'utente è un ""admin"" di ""PA1"" con ruolo M2M m2m-admin(classpath:it/pagopa/pn/cucumber/m2mgateway/apiv3/producer-keychains/producer-keychains-keys.feature:447)","
","
","Il test fallisce perché l'endpoint restituisce inizialmente una serie di errori 504 Gateway Timeout e un 500 Internal Server Error, seguiti infine da un 400 Bad Request con dettaglio ""User already assigned to the client"". Questo comportamento dimostra che, nonostante i codici di errore della famiglia 5XX ricevuti inizialmente, l'operazione è stata in realtà presa in carico ed eseguita con successo dal backend. Il KO è pertanto da considerarsi un falso negativo applicativo, causato da un problema di latenza o di gestione dei timeout infrastrutturali che ha interrotto la corretta ricezione della risposta.","Analisi dei log ed esecuzione in locale.
",,PIN-10570
[PURPOSE_THRESHOLD_9b],"failed: java.lang.RuntimeException: Invalid response 400 BAD_REQUEST: class Client {    id: 5e497944-f523-4c61-8b7c-e2a4b2d96066    createdAt: 2026-07-08T19:33:17.921Z    consumer: class CompactOrganization {        id: 0e9e2dab-2e93-4f24-ba59-38d9f11198ca        name: Agenzia per L'Italia Digitale        kind: null        contactMail: null        hasUnreadNotifications: null    }    admin: null    name: client-0-0-1536130173    purposes: []    description: Descrizione client    kind: API}	at it.pagopa.interop.authorization.service.DataPreparationService.assertValidResponse(DataPreparationService.java:147)	at it.pagopa.interop.authorization.service.DataPreparationService.addMemberToClient(DataPreparationService.java:71)	at it.pagopa.interop.authorization.service.M2MTokenService.getToken(M2MTokenService.java:79)	at it.pagopa.interop.authorization.service.identity.IdentityServiceInteropImpl.getToken(IdentityServiceInteropImpl.java:36)	at it.pagopa.interop.authorization.service.identity.IdentityServiceInteropImpl.getToken(IdentityServiceInteropImpl.java:29)	at it.pagopa.pn.interop.cucumber.steps.m2m.M2MAuthSteps.authenticateM2MUser(M2MAuthSteps.java:61)	at ✽.l'utente è un ""api,security"" di ""PA2"" con ruolo M2M m2m(classpath:it/pagopa/pn/cucumber/m2mgateway/apiv3/purpose-threshold.feature:39)","
","
","Il test fallisce perché l'endpoint restituisce inizialmente una serie di errori 504 Gateway Timeout e un 500 Internal Server Error, seguiti infine da un 400 Bad Request con dettaglio ""User already assigned to the client"". Questo comportamento dimostra che, nonostante i codici di errore della famiglia 5XX ricevuti inizialmente, l'operazione è stata in realtà presa in carico ed eseguita con successo dal backend. Il KO è pertanto da considerarsi un falso negativo applicativo, causato da un problema di latenza o di gestione dei timeout infrastrutturali che ha interrotto la corretta ricezione della risposta.","Analisi dei log ed esecuzione in locale.
",,PIN-10570
[PURPOSE_THRESHOLD_9b],"failed: it.pagopa.interop.authorization.service.utils.PollingPredicateException: Eventual consistency error: Unexpected status code for getRemainingDailyCalls	at it.pagopa.interop.authorization.service.utils.PollingService.makePolling(PollingService.java:42)	at it.pagopa.interop.authorization.service.utils.PollingService.makePolling(PollingService.java:17)	at it.pagopa.pn.interop.cucumber.steps.m2m.apiv3.purposes.PurposesSteps.getRemainingDailyCallsM2M(PurposesSteps.java:65)	at ✽.l'utente cerca di recuperare le soglie rimanenti per la finalità con ID ""%actual"" per m2m e si ottiene uno status code 403(classpath:it/pagopa/pn/cucumber/m2mgateway/apiv3/purpose-threshold.feature:40)","
","
",Il test fallisce per un risultato ottenuto non coerente a quanto atteso.,Analisi del log e riesecuzione in locale,,PIN-10457
[M2MG_VERIFIEDATTRIBUTES_4],"failed: java.lang.RuntimeException: Invalid response 504 GATEWAY_TIMEOUT: [class CompactUser {    userId: f07ddb8f-17f9-47d4-b31e-35d1ac10e521    name: Ivan    familyName: Diana}]	at it.pagopa.interop.authorization.service.DataPreparationService.assertValidResponse(DataPreparationService.java:147)	at it.pagopa.interop.authorization.service.DataPreparationService.addPublicKeyToClient(DataPreparationService.java:99)	at it.pagopa.interop.authorization.service.M2MTokenService.getToken(M2MTokenService.java:89)	at it.pagopa.interop.authorization.service.identity.IdentityServiceInteropImpl.getToken(IdentityServiceInteropImpl.java:36)	at it.pagopa.interop.authorization.service.identity.IdentityServiceInteropImpl.getToken(IdentityServiceInteropImpl.java:29)	at it.pagopa.pn.interop.cucumber.steps.m2m.M2MAuthSteps.authenticateM2MUser(M2MAuthSteps.java:61)	at ✽.l'utente è un ""admin"" di ""PA1"" con ruolo M2M m2m(classpath:it/pagopa/pn/cucumber/m2mgateway/attributes.feature:155)","
","
","Il test fallisce perché l'endpoint restituisce inizialmente una serie di errori 504 Gateway Timeout e un 500 Internal Server Error, seguiti infine da un 400 Bad Request con dettaglio ""User already assigned to the client"". Questo comportamento dimostra che, nonostante i codici di errore della famiglia 5XX ricevuti inizialmente, l'operazione è stata in realtà presa in carico ed eseguita con successo dal backend. Il KO è pertanto da considerarsi un falso negativo applicativo, causato da un problema di latenza o di gestione dei timeout infrastrutturali che ha interrotto la corretta ricezione della risposta.","Analisi dei log ed esecuzione in locale.
",,PIN-10570
[M2MG_VERIFIEDATTRIBUTES_6],"failed: java.lang.RuntimeException: Invalid response 504 GATEWAY_TIMEOUT: [class CompactUser {    userId: f07ddb8f-17f9-47d4-b31e-35d1ac10e521    name: Ivan    familyName: Diana}]	at it.pagopa.interop.authorization.service.DataPreparationService.assertValidResponse(DataPreparationService.java:147)	at it.pagopa.interop.authorization.service.DataPreparationService.addPublicKeyToClient(DataPreparationService.java:99)	at it.pagopa.interop.authorization.service.M2MTokenService.getToken(M2MTokenService.java:89)	at it.pagopa.interop.authorization.service.identity.IdentityServiceInteropImpl.getToken(IdentityServiceInteropImpl.java:36)	at it.pagopa.interop.authorization.service.identity.IdentityServiceInteropImpl.getToken(IdentityServiceInteropImpl.java:29)	at it.pagopa.pn.interop.cucumber.steps.m2m.M2MAuthSteps.authenticateM2MUser(M2MAuthSteps.java:61)	at ✽.l'utente è un ""admin"" di ""PA1"" con ruolo M2M m2m(classpath:it/pagopa/pn/cucumber/m2mgateway/attributes.feature:176)","
","
","Il test fallisce perché l'endpoint restituisce inizialmente una serie di errori 504 Gateway Timeout e un 500 Internal Server Error, seguiti infine da un 400 Bad Request con dettaglio ""User already assigned to the client"". Questo comportamento dimostra che, nonostante i codici di errore della famiglia 5XX ricevuti inizialmente, l'operazione è stata in realtà presa in carico ed eseguita con successo dal backend. Il KO è pertanto da considerarsi un falso negativo applicativo, causato da un problema di latenza o di gestione dei timeout infrastrutturali che ha interrotto la corretta ricezione della risposta.","Analisi dei log ed esecuzione in locale.
",,PIN-10570
[M2MG_VERIFIEDATTRIBUTES_7],"failed: java.lang.RuntimeException: Invalid response 504 GATEWAY_TIMEOUT: [class CompactUser {    userId: f07ddb8f-17f9-47d4-b31e-35d1ac10e521    name: Ivan    familyName: Diana}]	at it.pagopa.interop.authorization.service.DataPreparationService.assertValidResponse(DataPreparationService.java:147)	at it.pagopa.interop.authorization.service.DataPreparationService.addPublicKeyToClient(DataPreparationService.java:99)	at it.pagopa.interop.authorization.service.M2MTokenService.getToken(M2MTokenService.java:89)	at it.pagopa.interop.authorization.service.identity.IdentityServiceInteropImpl.getToken(IdentityServiceInteropImpl.java:36)	at it.pagopa.interop.authorization.service.identity.IdentityServiceInteropImpl.getToken(IdentityServiceInteropImpl.java:29)	at it.pagopa.pn.interop.cucumber.steps.m2m.M2MAuthSteps.authenticateM2MUser(M2MAuthSteps.java:61)	at ✽.l'utente è un ""admin"" di ""PA1"" con ruolo M2M m2m(classpath:it/pagopa/pn/cucumber/m2mgateway/attributes.feature:198)","
","
","Il test fallisce perché l'endpoint restituisce inizialmente una serie di errori 504 Gateway Timeout e un 500 Internal Server Error, seguiti infine da un 400 Bad Request con dettaglio ""User already assigned to the client"". Questo comportamento dimostra che, nonostante i codici di errore della famiglia 5XX ricevuti inizialmente, l'operazione è stata in realtà presa in carico ed eseguita con successo dal backend. Il KO è pertanto da considerarsi un falso negativo applicativo, causato da un problema di latenza o di gestione dei timeout infrastrutturali che ha interrotto la corretta ricezione della risposta.","Analisi dei log ed esecuzione in locale.
",,PIN-10570
[M2M_CLIENTS_PURPOSES_CATALOG_1],"failed: java.lang.RuntimeException: Invalid response 400 BAD_REQUEST: class Client {    id: fc652689-7ce6-472d-9f7c-5c1b66c3d7ca    createdAt: 2026-07-08T19:43:23.569Z    consumer: class CompactOrganization {        id: 0e9e2dab-2e93-4f24-ba59-38d9f11198ca        name: Agenzia per L'Italia Digitale        kind: null        contactMail: null        hasUnreadNotifications: null    }    admin: null    name: client-0-0-1496099883    purposes: []    description: Descrizione client    kind: API}	at it.pagopa.interop.authorization.service.DataPreparationService.assertValidResponse(DataPreparationService.java:147)	at it.pagopa.interop.authorization.service.DataPreparationService.addMemberToClient(DataPreparationService.java:71)	at it.pagopa.interop.authorization.service.M2MTokenService.getToken(M2MTokenService.java:79)	at it.pagopa.interop.authorization.service.identity.IdentityServiceInteropImpl.getToken(IdentityServiceInteropImpl.java:36)	at it.pagopa.interop.authorization.service.identity.IdentityServiceInteropImpl.getToken(IdentityServiceInteropImpl.java:29)	at it.pagopa.pn.interop.cucumber.steps.m2m.M2MAuthSteps.authenticateM2MUser(M2MAuthSteps.java:61)	at ✽.l'utente è un ""admin"" di ""PA2"" con ruolo M2M m2m-admin(classpath:it/pagopa/pn/cucumber/m2mgateway/clients.feature:58)","
","
","Il test fallisce perché l'endpoint restituisce inizialmente una serie di errori 504 Gateway Timeout e un 500 Internal Server Error, seguiti infine da un 400 Bad Request con dettaglio ""User already assigned to the client"". Questo comportamento dimostra che, nonostante i codici di errore della famiglia 5XX ricevuti inizialmente, l'operazione è stata in realtà presa in carico ed eseguita con successo dal backend. Il KO è pertanto da considerarsi un falso negativo applicativo, causato da un problema di latenza o di gestione dei timeout infrastrutturali che ha interrotto la corretta ricezione della risposta.","Analisi dei log ed esecuzione in locale.
",,PIN-10570
[M2M_CLIENTS_PURPOSES_CATALOG_1],"failed: java.lang.RuntimeException: Invalid response 400 BAD_REQUEST: class Client {    id: 3064256e-7c9e-4db8-a22a-2c8e6c6d41ab    createdAt: 2026-07-08T19:43:20.215Z    consumer: class CompactOrganization {        id: 0e9e2dab-2e93-4f24-ba59-38d9f11198ca        name: Agenzia per L'Italia Digitale        kind: null        contactMail: null        hasUnreadNotifications: null    }    admin: null    name: client-0-0-242390402    purposes: []    description: Descrizione client    kind: API}	at it.pagopa.interop.authorization.service.DataPreparationService.assertValidResponse(DataPreparationService.java:147)	at it.pagopa.interop.authorization.service.DataPreparationService.addMemberToClient(DataPreparationService.java:71)	at it.pagopa.interop.authorization.service.M2MTokenService.getToken(M2MTokenService.java:79)	at it.pagopa.interop.authorization.service.identity.IdentityServiceInteropImpl.getToken(IdentityServiceInteropImpl.java:36)	at it.pagopa.interop.authorization.service.identity.IdentityServiceInteropImpl.getToken(IdentityServiceInteropImpl.java:29)	at it.pagopa.pn.interop.cucumber.steps.m2m.M2MAuthSteps.authenticateM2MUser(M2MAuthSteps.java:61)	at ✽.l'utente è un ""admin"" di ""PA2"" con ruolo M2M m2m-admin(classpath:it/pagopa/pn/cucumber/m2mgateway/clients.feature:58)","
","
","Il test fallisce perché l'endpoint restituisce inizialmente una serie di errori 504 Gateway Timeout e un 500 Internal Server Error, seguiti infine da un 400 Bad Request con dettaglio ""User already assigned to the client"". Questo comportamento dimostra che, nonostante i codici di errore della famiglia 5XX ricevuti inizialmente, l'operazione è stata in realtà presa in carico ed eseguita con successo dal backend. Il KO è pertanto da considerarsi un falso negativo applicativo, causato da un problema di latenza o di gestione dei timeout infrastrutturali che ha interrotto la corretta ricezione della risposta.","Analisi dei log ed esecuzione in locale.
",,PIN-10570
[M2M_CLIENTS_PURPOSES_CATALOG_2],"failed: java.lang.RuntimeException: Invalid response 400 BAD_REQUEST: class Client {    id: 6098b135-c053-40d6-9fc1-95bf4b7fa8e3    createdAt: 2026-07-08T19:43:04.181Z    consumer: class CompactOrganization {        id: 0e9e2dab-2e93-4f24-ba59-38d9f11198ca        name: Agenzia per L'Italia Digitale        kind: null        contactMail: null        hasUnreadNotifications: null    }    admin: null    name: client-0-0-2038836757    purposes: []    description: Descrizione client    kind: API}	at it.pagopa.interop.authorization.service.DataPreparationService.assertValidResponse(DataPreparationService.java:147)	at it.pagopa.interop.authorization.service.DataPreparationService.addMemberToClient(DataPreparationService.java:71)	at it.pagopa.interop.authorization.service.M2MTokenService.getToken(M2MTokenService.java:79)	at it.pagopa.interop.authorization.service.identity.IdentityServiceInteropImpl.getToken(IdentityServiceInteropImpl.java:36)	at it.pagopa.interop.authorization.service.identity.IdentityServiceInteropImpl.getToken(IdentityServiceInteropImpl.java:29)	at it.pagopa.pn.interop.cucumber.steps.m2m.M2MAuthSteps.authenticateM2MUser(M2MAuthSteps.java:61)	at ✽.l'utente è un ""admin"" di ""PA2"" con ruolo M2M m2m(classpath:it/pagopa/pn/cucumber/m2mgateway/clients.feature:108)","
","
","Il test fallisce perché l'endpoint restituisce inizialmente una serie di errori 504 Gateway Timeout e un 500 Internal Server Error, seguiti infine da un 400 Bad Request con dettaglio ""User already assigned to the client"". Questo comportamento dimostra che, nonostante i codici di errore della famiglia 5XX ricevuti inizialmente, l'operazione è stata in realtà presa in carico ed eseguita con successo dal backend. Il KO è pertanto da considerarsi un falso negativo applicativo, causato da un problema di latenza o di gestione dei timeout infrastrutturali che ha interrotto la corretta ricezione della risposta.","Analisi dei log ed esecuzione in locale.
",,PIN-10570
[M2MG_DOCUMENTS_01],"failed: java.lang.RuntimeException: Invalid response 400 BAD_REQUEST: class Client {    id: 50baa3a0-e997-4f50-b524-3a58be8db73d    createdAt: 2026-07-08T19:54:05.290Z    consumer: class CompactOrganization {        id: e79a24cd-8edc-441e-ae8d-e87c3aea0059        name: Comune di Milano        kind: null        contactMail: null        hasUnreadNotifications: null    }    admin: null    name: client-0-0-2019891802    purposes: []    description: Descrizione client    kind: API}	at it.pagopa.interop.authorization.service.DataPreparationService.assertValidResponse(DataPreparationService.java:147)	at it.pagopa.interop.authorization.service.DataPreparationService.addMemberToClient(DataPreparationService.java:71)	at it.pagopa.interop.authorization.service.M2MTokenService.getToken(M2MTokenService.java:79)	at it.pagopa.interop.authorization.service.identity.IdentityServiceInteropImpl.getToken(IdentityServiceInteropImpl.java:36)	at it.pagopa.interop.authorization.service.identity.IdentityServiceInteropImpl.getToken(IdentityServiceInteropImpl.java:29)	at it.pagopa.pn.interop.cucumber.steps.m2m.M2MAuthSteps.authenticateM2MUser(M2MAuthSteps.java:61)	at ✽.l'utente è un ""admin"" di ""PA1"" con ruolo M2M m2m-admin(classpath:it/pagopa/pn/cucumber/m2mgateway/documents.feature:6)","
","
","Il test fallisce perché l'endpoint restituisce inizialmente una serie di errori 504 Gateway Timeout e un 500 Internal Server Error, seguiti infine da un 400 Bad Request con dettaglio ""User already assigned to the client"". Questo comportamento dimostra che, nonostante i codici di errore della famiglia 5XX ricevuti inizialmente, l'operazione è stata in realtà presa in carico ed eseguita con successo dal backend. Il KO è pertanto da considerarsi un falso negativo applicativo, causato da un problema di latenza o di gestione dei timeout infrastrutturali che ha interrotto la corretta ricezione della risposta.","Analisi dei log ed esecuzione in locale.
",,PIN-10570
[M2MG_DOCUMENTS_10],"failed: java.lang.RuntimeException: Invalid response 400 BAD_REQUEST: class Client {    id: 2c9de2ea-30e5-45d5-86d4-154f56912b53    createdAt: 2026-07-08T19:48:33.024Z    consumer: class CompactOrganization {        id: e79a24cd-8edc-441e-ae8d-e87c3aea0059        name: Comune di Milano        kind: null        contactMail: null        hasUnreadNotifications: null    }    admin: null    name: client-0-0-886397208    purposes: []    description: Descrizione client    kind: API}	at it.pagopa.interop.authorization.service.DataPreparationService.assertValidResponse(DataPreparationService.java:147)	at it.pagopa.interop.authorization.service.DataPreparationService.addMemberToClient(DataPreparationService.java:71)	at it.pagopa.interop.authorization.service.M2MTokenService.getToken(M2MTokenService.java:79)	at it.pagopa.interop.authorization.service.identity.IdentityServiceInteropImpl.getToken(IdentityServiceInteropImpl.java:36)	at it.pagopa.interop.authorization.service.identity.IdentityServiceInteropImpl.getToken(IdentityServiceInteropImpl.java:29)	at it.pagopa.pn.interop.cucumber.steps.m2m.M2MAuthSteps.authenticateM2MUser(M2MAuthSteps.java:61)	at ✽.l'utente è un ""admin"" di ""PA1"" con ruolo M2M m2m(classpath:it/pagopa/pn/cucumber/m2mgateway/documents.feature:85)","
","
","Il test fallisce perché l'endpoint restituisce inizialmente una serie di errori 504 Gateway Timeout e un 500 Internal Server Error, seguiti infine da un 400 Bad Request con dettaglio ""User already assigned to the client"". Questo comportamento dimostra che, nonostante i codici di errore della famiglia 5XX ricevuti inizialmente, l'operazione è stata in realtà presa in carico ed eseguita con successo dal backend. Il KO è pertanto da considerarsi un falso negativo applicativo, causato da un problema di latenza o di gestione dei timeout infrastrutturali che ha interrotto la corretta ricezione della risposta.","Analisi dei log ed esecuzione in locale.
",,PIN-10570
[M2M_ES_TEMPLATES_CERTIFIED_ATTRIBUTES_ADD_01],"failed: java.lang.RuntimeException: Invalid response 504 GATEWAY_TIMEOUT: [class CompactUser {    userId: f07ddb8f-17f9-47d4-b31e-35d1ac10e521    name: Ivan    familyName: Diana}]	at it.pagopa.interop.authorization.service.DataPreparationService.assertValidResponse(DataPreparationService.java:147)	at it.pagopa.interop.authorization.service.DataPreparationService.editClientAdmin(DataPreparationService.java:122)	at it.pagopa.interop.authorization.service.M2MTokenService.getToken(M2MTokenService.java:82)	at it.pagopa.interop.authorization.service.identity.IdentityServiceInteropImpl.getToken(IdentityServiceInteropImpl.java:36)	at it.pagopa.interop.authorization.service.identity.IdentityServiceInteropImpl.getToken(IdentityServiceInteropImpl.java:29)	at it.pagopa.pn.interop.cucumber.steps.m2m.M2MAuthSteps.authenticateM2MUser(M2MAuthSteps.java:61)	at ✽.l'utente è un ""admin"" di ""PA1"" con ruolo M2M m2m-admin(classpath:it/pagopa/pn/cucumber/m2mgateway/e-service-templates-certified-attributes.feature:14)","
","
","Il test fallisce perché l'endpoint restituisce inizialmente una serie di errori 504 Gateway Timeout e un 500 Internal Server Error, seguiti infine da un 400 Bad Request con dettaglio ""User already assigned to the client"". Questo comportamento dimostra che, nonostante i codici di errore della famiglia 5XX ricevuti inizialmente, l'operazione è stata in realtà presa in carico ed eseguita con successo dal backend. Il KO è pertanto da considerarsi un falso negativo applicativo, causato da un problema di latenza o di gestione dei timeout infrastrutturali che ha interrotto la corretta ricezione della risposta.","Analisi dei log ed esecuzione in locale.
",,PIN-10570
[M2M_ES_TEMPLATES_CERTIFIED_ATTRIBUTES_ADD_05],"failed: java.lang.RuntimeException: Invalid response 400 BAD_REQUEST: class Client {    id: f96a68aa-60f9-4e08-beb4-1c49de0386b5    createdAt: 2026-07-08T19:54:09.796Z    consumer: class CompactOrganization {        id: e79a24cd-8edc-441e-ae8d-e87c3aea0059        name: Comune di Milano        kind: null        contactMail: null        hasUnreadNotifications: null    }    admin: null    name: client-0-0-386931738    purposes: []    description: Descrizione client    kind: API}	at it.pagopa.interop.authorization.service.DataPreparationService.assertValidResponse(DataPreparationService.java:147)	at it.pagopa.interop.authorization.service.DataPreparationService.addMemberToClient(DataPreparationService.java:71)	at it.pagopa.interop.authorization.service.M2MTokenService.getToken(M2MTokenService.java:79)	at it.pagopa.interop.authorization.service.identity.IdentityServiceInteropImpl.getToken(IdentityServiceInteropImpl.java:36)	at it.pagopa.interop.authorization.service.identity.IdentityServiceInteropImpl.getToken(IdentityServiceInteropImpl.java:29)	at it.pagopa.pn.interop.cucumber.steps.m2m.M2MAuthSteps.authenticateM2MUser(M2MAuthSteps.java:61)	at ✽.l'utente è un ""admin"" di ""PA1"" con ruolo M2M m2m-admin(classpath:it/pagopa/pn/cucumber/m2mgateway/e-service-templates-certified-attributes.feature:114)","
","
","Il test fallisce perché l'endpoint restituisce inizialmente una serie di errori 504 Gateway Timeout e un 500 Internal Server Error, seguiti infine da un 400 Bad Request con dettaglio ""User already assigned to the client"". Questo comportamento dimostra che, nonostante i codici di errore della famiglia 5XX ricevuti inizialmente, l'operazione è stata in realtà presa in carico ed eseguita con successo dal backend. Il KO è pertanto da considerarsi un falso negativo applicativo, causato da un problema di latenza o di gestione dei timeout infrastrutturali che ha interrotto la corretta ricezione della risposta.","Analisi dei log ed esecuzione in locale.
",,PIN-10570
[M2M_ES_TEMPLATES_CERTIFIED_ATTRIBUTES_DELETE_02],"failed: java.lang.RuntimeException: Invalid response 504 GATEWAY_TIMEOUT: [class CompactUser {    userId: f07ddb8f-17f9-47d4-b31e-35d1ac10e521    name: Ivan    familyName: Diana}]	at it.pagopa.interop.authorization.service.DataPreparationService.assertValidResponse(DataPreparationService.java:147)	at it.pagopa.interop.authorization.service.DataPreparationService.addPublicKeyToClient(DataPreparationService.java:99)	at it.pagopa.interop.authorization.service.M2MTokenService.getToken(M2MTokenService.java:89)	at it.pagopa.interop.authorization.service.identity.IdentityServiceInteropImpl.getToken(IdentityServiceInteropImpl.java:36)	at it.pagopa.interop.authorization.service.identity.IdentityServiceInteropImpl.getToken(IdentityServiceInteropImpl.java:29)	at it.pagopa.pn.interop.cucumber.steps.m2m.M2MAuthSteps.authenticateM2MUser(M2MAuthSteps.java:61)	at ✽.l'utente è un ""admin"" di ""PA1"" con ruolo M2M m2m(classpath:it/pagopa/pn/cucumber/m2mgateway/e-service-templates-certified-attributes.feature:320)","
","
","Il test fallisce perché l'endpoint restituisce inizialmente una serie di errori 504 Gateway Timeout e un 500 Internal Server Error, seguiti infine da un 400 Bad Request con dettaglio ""User already assigned to the client"". Questo comportamento dimostra che, nonostante i codici di errore della famiglia 5XX ricevuti inizialmente, l'operazione è stata in realtà presa in carico ed eseguita con successo dal backend. Il KO è pertanto da considerarsi un falso negativo applicativo, causato da un problema di latenza o di gestione dei timeout infrastrutturali che ha interrotto la corretta ricezione della risposta.","Analisi dei log ed esecuzione in locale.
",,PIN-10570
[M2M_ES_TEMPLATES_CERTIFIED_ATTRIBUTES_DELETE_06],"failed: java.lang.RuntimeException: Invalid response 400 BAD_REQUEST: class Client {    id: 00115ab1-b247-4294-b5c9-605857e54c9b    createdAt: 2026-07-08T19:37:44.919Z    consumer: class CompactOrganization {        id: e79a24cd-8edc-441e-ae8d-e87c3aea0059        name: Comune di Milano        kind: null        contactMail: null        hasUnreadNotifications: null    }    admin: null    name: client-0-0-447970021    purposes: []    description: Descrizione client    kind: API}	at it.pagopa.interop.authorization.service.DataPreparationService.assertValidResponse(DataPreparationService.java:147)	at it.pagopa.interop.authorization.service.DataPreparationService.addMemberToClient(DataPreparationService.java:71)	at it.pagopa.interop.authorization.service.M2MTokenService.getToken(M2MTokenService.java:79)	at it.pagopa.interop.authorization.service.identity.IdentityServiceInteropImpl.getToken(IdentityServiceInteropImpl.java:36)	at it.pagopa.interop.authorization.service.identity.IdentityServiceInteropImpl.getToken(IdentityServiceInteropImpl.java:29)	at it.pagopa.pn.interop.cucumber.steps.m2m.M2MAuthSteps.authenticateM2MUser(M2MAuthSteps.java:61)	at ✽.l'utente è un ""admin"" di ""PA1"" con ruolo M2M m2m-admin(classpath:it/pagopa/pn/cucumber/m2mgateway/e-service-templates-certified-attributes.feature:418)","
","
","Il test fallisce perché l'endpoint restituisce inizialmente una serie di errori 504 Gateway Timeout e un 500 Internal Server Error, seguiti infine da un 400 Bad Request con dettaglio ""User already assigned to the client"". Questo comportamento dimostra che, nonostante i codici di errore della famiglia 5XX ricevuti inizialmente, l'operazione è stata in realtà presa in carico ed eseguita con successo dal backend. Il KO è pertanto da considerarsi un falso negativo applicativo, causato da un problema di latenza o di gestione dei timeout infrastrutturali che ha interrotto la corretta ricezione della risposta.","Analisi dei log ed esecuzione in locale.
",,PIN-10570
[M2M_ES_TEMPLATES_DECLARED_ATTRIBUTES_ADD_03],"failed: java.lang.RuntimeException: Invalid response 400 BAD_REQUEST: class Client {    id: 8abadbe3-225f-4516-83a3-d6f084e0cbd0    createdAt: 2026-07-08T19:48:38.641Z    consumer: class CompactOrganization {        id: 0e9e2dab-2e93-4f24-ba59-38d9f11198ca        name: Agenzia per L'Italia Digitale        kind: null        contactMail: null        hasUnreadNotifications: null    }    admin: null    name: client-0-0-921518724    purposes: []    description: Descrizione client    kind: API}	at it.pagopa.interop.authorization.service.DataPreparationService.assertValidResponse(DataPreparationService.java:147)	at it.pagopa.interop.authorization.service.DataPreparationService.addMemberToClient(DataPreparationService.java:71)	at it.pagopa.interop.authorization.service.M2MTokenService.getToken(M2MTokenService.java:79)	at it.pagopa.interop.authorization.service.identity.IdentityServiceInteropImpl.getToken(IdentityServiceInteropImpl.java:36)	at it.pagopa.interop.authorization.service.identity.IdentityServiceInteropImpl.getToken(IdentityServiceInteropImpl.java:29)	at it.pagopa.pn.interop.cucumber.steps.m2m.M2MAuthSteps.authenticateM2MUser(M2MAuthSteps.java:61)	at ✽.l'utente è un ""admin"" di ""PA2"" con ruolo M2M m2m-admin(classpath:it/pagopa/pn/cucumber/m2mgateway/e-service-templates-declared-attributes.feature:57)","
","
","Il test fallisce perché l'endpoint restituisce inizialmente una serie di errori 504 Gateway Timeout e un 500 Internal Server Error, seguiti infine da un 400 Bad Request con dettaglio ""User already assigned to the client"". Questo comportamento dimostra che, nonostante i codici di errore della famiglia 5XX ricevuti inizialmente, l'operazione è stata in realtà presa in carico ed eseguita con successo dal backend. Il KO è pertanto da considerarsi un falso negativo applicativo, causato da un problema di latenza o di gestione dei timeout infrastrutturali che ha interrotto la corretta ricezione della risposta.","Analisi dei log ed esecuzione in locale.
",,PIN-10570
[M2M_ES_TEMPLATES_DECLARED_ATTRIBUTES_LIST_01_A],"failed: java.lang.RuntimeException: Invalid response 504 GATEWAY_TIMEOUT: [class CompactUser {    userId: f07ddb8f-17f9-47d4-b31e-35d1ac10e521    name: Ivan    familyName: Diana}]	at it.pagopa.interop.authorization.service.DataPreparationService.assertValidResponse(DataPreparationService.java:147)	at it.pagopa.interop.authorization.service.DataPreparationService.addPublicKeyToClient(DataPreparationService.java:99)	at it.pagopa.interop.authorization.service.M2MTokenService.getToken(M2MTokenService.java:89)	at it.pagopa.interop.authorization.service.identity.IdentityServiceInteropImpl.getToken(IdentityServiceInteropImpl.java:36)	at it.pagopa.interop.authorization.service.identity.IdentityServiceInteropImpl.getToken(IdentityServiceInteropImpl.java:29)	at it.pagopa.pn.interop.cucumber.steps.m2m.M2MAuthSteps.authenticateM2MUser(M2MAuthSteps.java:61)	at ✽.l'utente è un ""admin"" di ""PA1"" con ruolo M2M m2m(classpath:it/pagopa/pn/cucumber/m2mgateway/e-service-templates-declared-attributes.feature:192)","
","
","Il test fallisce perché l'endpoint restituisce inizialmente una serie di errori 504 Gateway Timeout e un 500 Internal Server Error, seguiti infine da un 400 Bad Request con dettaglio ""User already assigned to the client"". Questo comportamento dimostra che, nonostante i codici di errore della famiglia 5XX ricevuti inizialmente, l'operazione è stata in realtà presa in carico ed eseguita con successo dal backend. Il KO è pertanto da considerarsi un falso negativo applicativo, causato da un problema di latenza o di gestione dei timeout infrastrutturali che ha interrotto la corretta ricezione della risposta.","Analisi dei log ed esecuzione in locale.
",,PIN-10570
[M2M_ES_TEMPLATES_DECLARED_ATTRIBUTES_DELETE_03],"failed: java.lang.RuntimeException: Invalid response 400 BAD_REQUEST: class Client {    id: 4ab311e0-d363-4b9d-bde3-c4be0693f33d    createdAt: 2026-07-08T19:43:08.426Z    consumer: class CompactOrganization {        id: e79a24cd-8edc-441e-ae8d-e87c3aea0059        name: Comune di Milano        kind: null        contactMail: null        hasUnreadNotifications: null    }    admin: null    name: client-0-0-88613386    purposes: []    description: Descrizione client    kind: API}	at it.pagopa.interop.authorization.service.DataPreparationService.assertValidResponse(DataPreparationService.java:147)	at it.pagopa.interop.authorization.service.DataPreparationService.addMemberToClient(DataPreparationService.java:71)	at it.pagopa.interop.authorization.service.M2MTokenService.getToken(M2MTokenService.java:79)	at it.pagopa.interop.authorization.service.identity.IdentityServiceInteropImpl.getToken(IdentityServiceInteropImpl.java:36)	at it.pagopa.interop.authorization.service.identity.IdentityServiceInteropImpl.getToken(IdentityServiceInteropImpl.java:29)	at it.pagopa.pn.interop.cucumber.steps.m2m.M2MAuthSteps.authenticateM2MUser(M2MAuthSteps.java:61)	at ✽.l'utente è un ""admin"" di ""PA1"" con ruolo M2M m2m-admin(classpath:it/pagopa/pn/cucumber/m2mgateway/e-service-templates-declared-attributes.feature:341)","
","
","Il test fallisce perché l'endpoint restituisce inizialmente una serie di errori 504 Gateway Timeout e un 500 Internal Server Error, seguiti infine da un 400 Bad Request con dettaglio ""User already assigned to the client"". Questo comportamento dimostra che, nonostante i codici di errore della famiglia 5XX ricevuti inizialmente, l'operazione è stata in realtà presa in carico ed eseguita con successo dal backend. Il KO è pertanto da considerarsi un falso negativo applicativo, causato da un problema di latenza o di gestione dei timeout infrastrutturali che ha interrotto la corretta ricezione della risposta.","Analisi dei log ed esecuzione in locale.
",,PIN-10570
[INTEROP-EST-M2M-UNSUSPEND_02],"failed: java.lang.RuntimeException: Invalid response 400 BAD_REQUEST: class Client {    id: 791dc9ac-237b-44fb-882a-2bf69f9b15dc    createdAt: 2026-07-08T19:48:32.840Z    consumer: class CompactOrganization {        id: e79a24cd-8edc-441e-ae8d-e87c3aea0059        name: Comune di Milano        kind: null        contactMail: null        hasUnreadNotifications: null    }    admin: null    name: client-0-0-1793294871    purposes: []    description: Descrizione client    kind: API}	at it.pagopa.interop.authorization.service.DataPreparationService.assertValidResponse(DataPreparationService.java:147)	at it.pagopa.interop.authorization.service.DataPreparationService.addMemberToClient(DataPreparationService.java:71)	at it.pagopa.interop.authorization.service.M2MTokenService.getToken(M2MTokenService.java:79)	at it.pagopa.interop.authorization.service.identity.IdentityServiceInteropImpl.getToken(IdentityServiceInteropImpl.java:36)	at it.pagopa.interop.authorization.service.identity.IdentityServiceInteropImpl.getToken(IdentityServiceInteropImpl.java:29)	at it.pagopa.pn.interop.cucumber.steps.m2m.M2MAuthSteps.authenticateM2MUser(M2MAuthSteps.java:61)	at ✽.l'utente è un ""admin"" di ""PA1"" con ruolo M2M m2m(classpath:it/pagopa/pn/cucumber/m2mgateway/e-service-templates.feature:27)","
","
","Il test fallisce perché l'endpoint restituisce inizialmente una serie di errori 504 Gateway Timeout e un 500 Internal Server Error, seguiti infine da un 400 Bad Request con dettaglio ""User already assigned to the client"". Questo comportamento dimostra che, nonostante i codici di errore della famiglia 5XX ricevuti inizialmente, l'operazione è stata in realtà presa in carico ed eseguita con successo dal backend. Il KO è pertanto da considerarsi un falso negativo applicativo, causato da un problema di latenza o di gestione dei timeout infrastrutturali che ha interrotto la corretta ricezione della risposta.","Analisi dei log ed esecuzione in locale.
",,PIN-10570
[INTEROP-EST-M2M-UNSUSPEND_06],"failed: java.lang.RuntimeException: Invalid response 504 GATEWAY_TIMEOUT: class Client {    id: 5d53a75f-25e9-432c-944a-b60dd9e41186    createdAt: 2026-07-08T19:54:00.211Z    consumer: class CompactOrganization {        id: 0e9e2dab-2e93-4f24-ba59-38d9f11198ca        name: Agenzia per L'Italia Digitale        kind: null        contactMail: null        hasUnreadNotifications: null    }    admin: class CompactUser {        userId: 4ea722c3-defd-4372-a0c4-b4613072b632        name: Andrea        familyName: Bianchi    }    name: client-0-0-1458317717    purposes: []    description: Descrizione client    kind: API}	at it.pagopa.interop.authorization.service.DataPreparationService.assertValidResponse(DataPreparationService.java:147)	at it.pagopa.interop.authorization.service.DataPreparationService.addPublicKeyToClient(DataPreparationService.java:99)	at it.pagopa.interop.authorization.service.M2MTokenService.getToken(M2MTokenService.java:89)	at it.pagopa.interop.authorization.service.identity.IdentityServiceInteropImpl.getToken(IdentityServiceInteropImpl.java:36)	at it.pagopa.interop.authorization.service.identity.IdentityServiceInteropImpl.getToken(IdentityServiceInteropImpl.java:29)	at it.pagopa.pn.interop.cucumber.steps.m2m.M2MAuthSteps.authenticateM2MUser(M2MAuthSteps.java:61)	at ✽.l'utente è un ""admin"" di ""PA2"" con ruolo M2M m2m-admin(classpath:it/pagopa/pn/cucumber/m2mgateway/e-service-templates.feature:112)","
","
","Il test fallisce perché l'endpoint restituisce inizialmente una serie di errori 504 Gateway Timeout e un 500 Internal Server Error, seguiti infine da un 400 Bad Request con dettaglio ""User already assigned to the client"". Questo comportamento dimostra che, nonostante i codici di errore della famiglia 5XX ricevuti inizialmente, l'operazione è stata in realtà presa in carico ed eseguita con successo dal backend. Il KO è pertanto da considerarsi un falso negativo applicativo, causato da un problema di latenza o di gestione dei timeout infrastrutturali che ha interrotto la corretta ricezione della risposta.","Analisi dei log ed esecuzione in locale.
",,PIN-10570
[INTEROP-EST-M2M-PATCH_05],"failed: java.lang.RuntimeException: Invalid response 504 GATEWAY_TIMEOUT: [class CompactUser {    userId: f07ddb8f-17f9-47d4-b31e-35d1ac10e521    name: Ivan    familyName: Diana}]	at it.pagopa.interop.authorization.service.DataPreparationService.assertValidResponse(DataPreparationService.java:147)	at it.pagopa.interop.authorization.service.DataPreparationService.editClientAdmin(DataPreparationService.java:122)	at it.pagopa.interop.authorization.service.M2MTokenService.getToken(M2MTokenService.java:82)	at it.pagopa.interop.authorization.service.identity.IdentityServiceInteropImpl.getToken(IdentityServiceInteropImpl.java:36)	at it.pagopa.interop.authorization.service.identity.IdentityServiceInteropImpl.getToken(IdentityServiceInteropImpl.java:29)	at it.pagopa.pn.interop.cucumber.steps.m2m.M2MAuthSteps.authenticateM2MUser(M2MAuthSteps.java:61)	at ✽.l'utente è un ""admin"" di ""PA1"" con ruolo M2M m2m-admin(classpath:it/pagopa/pn/cucumber/m2mgateway/e-service-templates.feature:202)","
","
","Il test fallisce perché l'endpoint restituisce inizialmente una serie di errori 504 Gateway Timeout e un 500 Internal Server Error, seguiti infine da un 400 Bad Request con dettaglio ""User already assigned to the client"". Questo comportamento dimostra che, nonostante i codici di errore della famiglia 5XX ricevuti inizialmente, l'operazione è stata in realtà presa in carico ed eseguita con successo dal backend. Il KO è pertanto da considerarsi un falso negativo applicativo, causato da un problema di latenza o di gestione dei timeout infrastrutturali che ha interrotto la corretta ricezione della risposta.","Analisi dei log ed esecuzione in locale.
",,PIN-10570
[INTEROP-EST-VERSION-M2M-PATCH_06],"failed: java.lang.RuntimeException: Invalid response 400 BAD_REQUEST: class Client {    id: 8a4681e7-4f1e-4a70-be8d-7af97b7335fe    createdAt: 2026-07-08T20:05:03.099Z    consumer: class CompactOrganization {        id: e79a24cd-8edc-441e-ae8d-e87c3aea0059        name: Comune di Milano        kind: null        contactMail: null        hasUnreadNotifications: null    }    admin: null    name: client-0-0-722257588    purposes: []    description: Descrizione client    kind: API}	at it.pagopa.interop.authorization.service.DataPreparationService.assertValidResponse(DataPreparationService.java:147)	at it.pagopa.interop.authorization.service.DataPreparationService.addMemberToClient(DataPreparationService.java:71)	at it.pagopa.interop.authorization.service.M2MTokenService.getToken(M2MTokenService.java:79)	at it.pagopa.interop.authorization.service.identity.IdentityServiceInteropImpl.getToken(IdentityServiceInteropImpl.java:36)	at it.pagopa.interop.authorization.service.identity.IdentityServiceInteropImpl.getToken(IdentityServiceInteropImpl.java:29)	at it.pagopa.pn.interop.cucumber.steps.m2m.M2MAuthSteps.authenticateM2MUser(M2MAuthSteps.java:61)	at ✽.l'utente è un ""admin"" di ""PA1"" con ruolo M2M m2m-admin(classpath:it/pagopa/pn/cucumber/m2mgateway/e-service-templates.feature:338)","
","
","Il test fallisce perché l'endpoint restituisce inizialmente una serie di errori 504 Gateway Timeout e un 500 Internal Server Error, seguiti infine da un 400 Bad Request con dettaglio ""User already assigned to the client"". Questo comportamento dimostra che, nonostante i codici di errore della famiglia 5XX ricevuti inizialmente, l'operazione è stata in realtà presa in carico ed eseguita con successo dal backend. Il KO è pertanto da considerarsi un falso negativo applicativo, causato da un problema di latenza o di gestione dei timeout infrastrutturali che ha interrotto la corretta ricezione della risposta.","Analisi dei log ed esecuzione in locale.
",,PIN-10570
[INTEROP-EST-M2M-DELETE_05_A],failed: org.opentest4j.AssertionFailedError: expected: <404> but was: <403>	at it.pagopa.pn.interop.cucumber.steps.delegate.DelegationCommonStep.thenStatusCodeIs(DelegationCommonStep.java:173)	at ✽.si ottiene lo status code 404(classpath:it/pagopa/pn/cucumber/m2mgateway/e-service-templates.feature:518),"
","
",Il test fallisce per un risultato ottenuto non coerente a quanto atteso. Si specifica che questo fallimento è afferente ad una famiglia di bug che sarà risolta in una delle prossime release.,Questione precedentemente nota,,PIN-8052
[INTEROP-EST-M2M-VERSION-CREATE_02],"failed: java.lang.RuntimeException: Invalid response 504 GATEWAY_TIMEOUT: [class CompactUser {    userId: f07ddb8f-17f9-47d4-b31e-35d1ac10e521    name: Ivan    familyName: Diana}]	at it.pagopa.interop.authorization.service.DataPreparationService.assertValidResponse(DataPreparationService.java:147)	at it.pagopa.interop.authorization.service.DataPreparationService.addPublicKeyToClient(DataPreparationService.java:99)	at it.pagopa.interop.authorization.service.M2MTokenService.getToken(M2MTokenService.java:89)	at it.pagopa.interop.authorization.service.identity.IdentityServiceInteropImpl.getToken(IdentityServiceInteropImpl.java:36)	at it.pagopa.interop.authorization.service.identity.IdentityServiceInteropImpl.getToken(IdentityServiceInteropImpl.java:29)	at it.pagopa.pn.interop.cucumber.steps.m2m.M2MAuthSteps.authenticateM2MUser(M2MAuthSteps.java:61)	at ✽.l'utente è un ""admin"" di ""PA1"" con ruolo M2M m2m(classpath:it/pagopa/pn/cucumber/m2mgateway/e-service-templates.feature:601)","
","
","Il test fallisce perché l'endpoint restituisce inizialmente una serie di errori 504 Gateway Timeout e un 500 Internal Server Error, seguiti infine da un 400 Bad Request con dettaglio ""User already assigned to the client"". Questo comportamento dimostra che, nonostante i codici di errore della famiglia 5XX ricevuti inizialmente, l'operazione è stata in realtà presa in carico ed eseguita con successo dal backend. Il KO è pertanto da considerarsi un falso negativo applicativo, causato da un problema di latenza o di gestione dei timeout infrastrutturali che ha interrotto la corretta ricezione della risposta.","Analisi dei log ed esecuzione in locale.
",,PIN-10570
[M2M_ESERVICE_TEMPLATE_INSTANCE_PUBLISHED_UPDATE_DELEGATION_1],"failed: java.lang.RuntimeException: Invalid response 400 BAD_REQUEST: class Client {    id: 78257a82-aee4-4908-b650-c3a15b9a8637    createdAt: 2026-07-08T19:59:40.316Z    consumer: class CompactOrganization {        id: e79a24cd-8edc-441e-ae8d-e87c3aea0059        name: Comune di Milano        kind: null        contactMail: null        hasUnreadNotifications: null    }    admin: null    name: client-0-0-180420964    purposes: []    description: Descrizione client    kind: API}	at it.pagopa.interop.authorization.service.DataPreparationService.assertValidResponse(DataPreparationService.java:147)	at it.pagopa.interop.authorization.service.DataPreparationService.addMemberToClient(DataPreparationService.java:71)	at it.pagopa.interop.authorization.service.M2MTokenService.getToken(M2MTokenService.java:79)	at it.pagopa.interop.authorization.service.identity.IdentityServiceInteropImpl.getToken(IdentityServiceInteropImpl.java:36)	at it.pagopa.interop.authorization.service.identity.IdentityServiceInteropImpl.getToken(IdentityServiceInteropImpl.java:29)	at it.pagopa.pn.interop.cucumber.steps.m2m.M2MAuthSteps.authenticateM2MUser(M2MAuthSteps.java:61)	at ✽.l'utente è un ""admin"" di ""PA1"" con ruolo M2M m2m-admin(classpath:it/pagopa/pn/cucumber/m2mgateway/e-service-templates.feature:692)","
","
","Il test fallisce perché l'endpoint restituisce inizialmente una serie di errori 504 Gateway Timeout e un 500 Internal Server Error, seguiti infine da un 400 Bad Request con dettaglio ""User already assigned to the client"". Questo comportamento dimostra che, nonostante i codici di errore della famiglia 5XX ricevuti inizialmente, l'operazione è stata in realtà presa in carico ed eseguita con successo dal backend. Il KO è pertanto da considerarsi un falso negativo applicativo, causato da un problema di latenza o di gestione dei timeout infrastrutturali che ha interrotto la corretta ricezione della risposta.","Analisi dei log ed esecuzione in locale.
",,PIN-10570
[M2M_ESERVICE_TEMPLATE_INSTANCE_PUBLISHED_UPDATE_DELEGATION_1],"failed: java.lang.RuntimeException: Invalid response 400 BAD_REQUEST: class Client {    id: 25274293-898e-4fd2-9b02-6f51a60e6456    createdAt: 2026-07-08T19:54:18.914Z    consumer: class CompactOrganization {        id: e79a24cd-8edc-441e-ae8d-e87c3aea0059        name: Comune di Milano        kind: null        contactMail: null        hasUnreadNotifications: null    }    admin: null    name: client-0-0-561404373    purposes: []    description: Descrizione client    kind: API}	at it.pagopa.interop.authorization.service.DataPreparationService.assertValidResponse(DataPreparationService.java:147)	at it.pagopa.interop.authorization.service.DataPreparationService.addMemberToClient(DataPreparationService.java:71)	at it.pagopa.interop.authorization.service.M2MTokenService.getToken(M2MTokenService.java:79)	at it.pagopa.interop.authorization.service.identity.IdentityServiceInteropImpl.getToken(IdentityServiceInteropImpl.java:36)	at it.pagopa.interop.authorization.service.identity.IdentityServiceInteropImpl.getToken(IdentityServiceInteropImpl.java:29)	at it.pagopa.pn.interop.cucumber.steps.m2m.M2MAuthSteps.authenticateM2MUser(M2MAuthSteps.java:61)	at ✽.l'utente è un ""admin"" di ""PA1"" con ruolo M2M m2m-admin(classpath:it/pagopa/pn/cucumber/m2mgateway/e-service-templates.feature:692)","
","
","Il test fallisce perché l'endpoint restituisce inizialmente una serie di errori 504 Gateway Timeout e un 500 Internal Server Error, seguiti infine da un 400 Bad Request con dettaglio ""User already assigned to the client"". Questo comportamento dimostra che, nonostante i codici di errore della famiglia 5XX ricevuti inizialmente, l'operazione è stata in realtà presa in carico ed eseguita con successo dal backend. Il KO è pertanto da considerarsi un falso negativo applicativo, causato da un problema di latenza o di gestione dei timeout infrastrutturali che ha interrotto la corretta ricezione della risposta.","Analisi dei log ed esecuzione in locale.
",,PIN-10570
[M2M_ESERVICE_TEMPLATE_INSTANCE_PUBLISHED_UPDATE_DELEGATION_2],"failed: java.lang.RuntimeException: Invalid response 504 GATEWAY_TIMEOUT: [class CompactUser {    userId: f07ddb8f-17f9-47d4-b31e-35d1ac10e521    name: Ivan    familyName: Diana}]	at it.pagopa.interop.authorization.service.DataPreparationService.assertValidResponse(DataPreparationService.java:147)	at it.pagopa.interop.authorization.service.DataPreparationService.editClientAdmin(DataPreparationService.java:122)	at it.pagopa.interop.authorization.service.M2MTokenService.getToken(M2MTokenService.java:82)	at it.pagopa.interop.authorization.service.identity.IdentityServiceInteropImpl.getToken(IdentityServiceInteropImpl.java:36)	at it.pagopa.interop.authorization.service.identity.IdentityServiceInteropImpl.getToken(IdentityServiceInteropImpl.java:29)	at it.pagopa.pn.interop.cucumber.steps.m2m.M2MAuthSteps.authenticateM2MUser(M2MAuthSteps.java:61)	at ✽.l'utente è un ""admin"" di ""PA1"" con ruolo M2M m2m-admin(classpath:it/pagopa/pn/cucumber/m2mgateway/e-service-templates.feature:727)","
","
","Il test fallisce perché l'endpoint restituisce inizialmente una serie di errori 504 Gateway Timeout e un 500 Internal Server Error, seguiti infine da un 400 Bad Request con dettaglio ""User already assigned to the client"". Questo comportamento dimostra che, nonostante i codici di errore della famiglia 5XX ricevuti inizialmente, l'operazione è stata in realtà presa in carico ed eseguita con successo dal backend. Il KO è pertanto da considerarsi un falso negativo applicativo, causato da un problema di latenza o di gestione dei timeout infrastrutturali che ha interrotto la corretta ricezione della risposta.","Analisi dei log ed esecuzione in locale.
",,PIN-10570
[M2M_ESERVICES_CERTIFIED_ATTRIBUTES_ADD_02_A],"failed: java.lang.RuntimeException: Invalid response 400 BAD_REQUEST: class Client {    id: 6849bdb1-f974-4485-b726-b76caae5dff8    createdAt: 2026-07-08T19:54:04.084Z    consumer: class CompactOrganization {        id: 0e9e2dab-2e93-4f24-ba59-38d9f11198ca        name: Agenzia per L'Italia Digitale        kind: null        contactMail: null        hasUnreadNotifications: null    }    admin: null    name: client-0-0-138567776    purposes: []    description: Descrizione client    kind: API}	at it.pagopa.interop.authorization.service.DataPreparationService.assertValidResponse(DataPreparationService.java:147)	at it.pagopa.interop.authorization.service.DataPreparationService.addMemberToClient(DataPreparationService.java:71)	at it.pagopa.interop.authorization.service.M2MTokenService.getToken(M2MTokenService.java:79)	at it.pagopa.interop.authorization.service.identity.IdentityServiceInteropImpl.getToken(IdentityServiceInteropImpl.java:36)	at it.pagopa.interop.authorization.service.identity.IdentityServiceInteropImpl.getToken(IdentityServiceInteropImpl.java:29)	at it.pagopa.pn.interop.cucumber.steps.m2m.M2MAuthSteps.authenticateM2MUser(M2MAuthSteps.java:61)	at ✽.l'utente è un ""admin"" di ""PA2"" con ruolo M2M m2m-admin(classpath:it/pagopa/pn/cucumber/m2mgateway/eservices-certified-attributes.feature:46)","
","
","Il test fallisce perché l'endpoint restituisce inizialmente una serie di errori 504 Gateway Timeout e un 500 Internal Server Error, seguiti infine da un 400 Bad Request con dettaglio ""User already assigned to the client"". Questo comportamento dimostra che, nonostante i codici di errore della famiglia 5XX ricevuti inizialmente, l'operazione è stata in realtà presa in carico ed eseguita con successo dal backend. Il KO è pertanto da considerarsi un falso negativo applicativo, causato da un problema di latenza o di gestione dei timeout infrastrutturali che ha interrotto la corretta ricezione della risposta.","Analisi dei log ed esecuzione in locale.
",,PIN-10570
[M2M_ESERVICES_CERTIFIED_ATTRIBUTES_LIST_01_A],"failed: java.lang.RuntimeException: Invalid response 400 BAD_REQUEST: class Client {    id: 373bf3f2-1867-422a-9bda-0afbaf214ed0    createdAt: 2026-07-08T19:48:43.779Z    consumer: class CompactOrganization {        id: e79a24cd-8edc-441e-ae8d-e87c3aea0059        name: Comune di Milano        kind: null        contactMail: null        hasUnreadNotifications: null    }    admin: null    name: client-0-0-1944812641    purposes: []    description: Descrizione client    kind: API}	at it.pagopa.interop.authorization.service.DataPreparationService.assertValidResponse(DataPreparationService.java:147)	at it.pagopa.interop.authorization.service.DataPreparationService.addMemberToClient(DataPreparationService.java:71)	at it.pagopa.interop.authorization.service.M2MTokenService.getToken(M2MTokenService.java:79)	at it.pagopa.interop.authorization.service.identity.IdentityServiceInteropImpl.getToken(IdentityServiceInteropImpl.java:36)	at it.pagopa.interop.authorization.service.identity.IdentityServiceInteropImpl.getToken(IdentityServiceInteropImpl.java:29)	at it.pagopa.pn.interop.cucumber.steps.m2m.M2MAuthSteps.authenticateM2MUser(M2MAuthSteps.java:61)	at ✽.l'utente è un ""admin"" di ""PA1"" con ruolo M2M m2m(classpath:it/pagopa/pn/cucumber/m2mgateway/eservices-certified-attributes.feature:172)","
","
","Il test fallisce perché l'endpoint restituisce inizialmente una serie di errori 504 Gateway Timeout e un 500 Internal Server Error, seguiti infine da un 400 Bad Request con dettaglio ""User already assigned to the client"". Questo comportamento dimostra che, nonostante i codici di errore della famiglia 5XX ricevuti inizialmente, l'operazione è stata in realtà presa in carico ed eseguita con successo dal backend. Il KO è pertanto da considerarsi un falso negativo applicativo, causato da un problema di latenza o di gestione dei timeout infrastrutturali che ha interrotto la corretta ricezione della risposta.","Analisi dei log ed esecuzione in locale.
",,PIN-10570
[M2M_ESERVICES_CERTIFIED_ATTRIBUTES_DELETE_03],"failed: java.lang.RuntimeException: Invalid response 400 BAD_REQUEST: class Client {    id: fc67ca04-116f-4ca9-bb76-8400d7b3a511    createdAt: 2026-07-08T19:43:03.034Z    consumer: class CompactOrganization {        id: e79a24cd-8edc-441e-ae8d-e87c3aea0059        name: Comune di Milano        kind: null        contactMail: null        hasUnreadNotifications: null    }    admin: null    name: client-0-0-494382690    purposes: []    description: Descrizione client    kind: API}	at it.pagopa.interop.authorization.service.DataPreparationService.assertValidResponse(DataPreparationService.java:147)	at it.pagopa.interop.authorization.service.DataPreparationService.addMemberToClient(DataPreparationService.java:71)	at it.pagopa.interop.authorization.service.M2MTokenService.getToken(M2MTokenService.java:79)	at it.pagopa.interop.authorization.service.identity.IdentityServiceInteropImpl.getToken(IdentityServiceInteropImpl.java:36)	at it.pagopa.interop.authorization.service.identity.IdentityServiceInteropImpl.getToken(IdentityServiceInteropImpl.java:29)	at it.pagopa.pn.interop.cucumber.steps.m2m.M2MAuthSteps.authenticateM2MUser(M2MAuthSteps.java:61)	at ✽.l'utente è un ""admin"" di ""PA1"" con ruolo M2M m2m-admin(classpath:it/pagopa/pn/cucumber/m2mgateway/eservices-certified-attributes.feature:303)","
","
","Il test fallisce perché l'endpoint restituisce inizialmente una serie di errori 504 Gateway Timeout e un 500 Internal Server Error, seguiti infine da un 400 Bad Request con dettaglio ""User already assigned to the client"". Questo comportamento dimostra che, nonostante i codici di errore della famiglia 5XX ricevuti inizialmente, l'operazione è stata in realtà presa in carico ed eseguita con successo dal backend. Il KO è pertanto da considerarsi un falso negativo applicativo, causato da un problema di latenza o di gestione dei timeout infrastrutturali che ha interrotto la corretta ricezione della risposta.","Analisi dei log ed esecuzione in locale.
",,PIN-10570
[M2M_ESERVICES_DECLARED_ATTRIBUTES_ADD_04],"failed: java.lang.RuntimeException: Invalid response 400 BAD_REQUEST: class Client {    id: 925a8e06-64cb-4655-8ddb-493bca388d97    createdAt: 2026-07-08T19:59:42.759Z    consumer: class CompactOrganization {        id: e79a24cd-8edc-441e-ae8d-e87c3aea0059        name: Comune di Milano        kind: null        contactMail: null        hasUnreadNotifications: null    }    admin: null    name: client-0-0-1161325985    purposes: []    description: Descrizione client    kind: API}	at it.pagopa.interop.authorization.service.DataPreparationService.assertValidResponse(DataPreparationService.java:147)	at it.pagopa.interop.authorization.service.DataPreparationService.addMemberToClient(DataPreparationService.java:71)	at it.pagopa.interop.authorization.service.M2MTokenService.getToken(M2MTokenService.java:79)	at it.pagopa.interop.authorization.service.identity.IdentityServiceInteropImpl.getToken(IdentityServiceInteropImpl.java:36)	at it.pagopa.interop.authorization.service.identity.IdentityServiceInteropImpl.getToken(IdentityServiceInteropImpl.java:29)	at it.pagopa.pn.interop.cucumber.steps.m2m.M2MAuthSteps.authenticateM2MUser(M2MAuthSteps.java:61)	at ✽.l'utente è un ""admin"" di ""PA1"" con ruolo M2M m2m-admin(classpath:it/pagopa/pn/cucumber/m2mgateway/eservices-declared-attributes.feature:88)","
","
","Il test fallisce perché l'endpoint restituisce inizialmente una serie di errori 504 Gateway Timeout e un 500 Internal Server Error, seguiti infine da un 400 Bad Request con dettaglio ""User already assigned to the client"". Questo comportamento dimostra che, nonostante i codici di errore della famiglia 5XX ricevuti inizialmente, l'operazione è stata in realtà presa in carico ed eseguita con successo dal backend. Il KO è pertanto da considerarsi un falso negativo applicativo, causato da un problema di latenza o di gestione dei timeout infrastrutturali che ha interrotto la corretta ricezione della risposta.","Analisi dei log ed esecuzione in locale.
",,PIN-10570
[M2M_ESERVICES_DECLARED_ATTRIBUTES_LIST_01_B],"failed: java.lang.RuntimeException: Invalid response 400 BAD_REQUEST: class Client {    id: d60a33ff-2880-4ce0-94b0-3e7ff58270a1    createdAt: 2026-07-08T19:54:02.620Z    consumer: class CompactOrganization {        id: 0e9e2dab-2e93-4f24-ba59-38d9f11198ca        name: Agenzia per L'Italia Digitale        kind: null        contactMail: null        hasUnreadNotifications: null    }    admin: null    name: client-0-0-2119957069    purposes: []    description: Descrizione client    kind: API}	at it.pagopa.interop.authorization.service.DataPreparationService.assertValidResponse(DataPreparationService.java:147)	at it.pagopa.interop.authorization.service.DataPreparationService.addMemberToClient(DataPreparationService.java:71)	at it.pagopa.interop.authorization.service.M2MTokenService.getToken(M2MTokenService.java:79)	at it.pagopa.interop.authorization.service.identity.IdentityServiceInteropImpl.getToken(IdentityServiceInteropImpl.java:36)	at it.pagopa.interop.authorization.service.identity.IdentityServiceInteropImpl.getToken(IdentityServiceInteropImpl.java:29)	at it.pagopa.pn.interop.cucumber.steps.m2m.M2MAuthSteps.authenticateM2MUser(M2MAuthSteps.java:61)	at ✽.l'utente è un ""admin"" di ""PA2"" con ruolo M2M m2m-admin(classpath:it/pagopa/pn/cucumber/m2mgateway/eservices-declared-attributes.feature:197)","
","
","Il test fallisce perché l'endpoint restituisce inizialmente una serie di errori 504 Gateway Timeout e un 500 Internal Server Error, seguiti infine da un 400 Bad Request con dettaglio ""User already assigned to the client"". Questo comportamento dimostra che, nonostante i codici di errore della famiglia 5XX ricevuti inizialmente, l'operazione è stata in realtà presa in carico ed eseguita con successo dal backend. Il KO è pertanto da considerarsi un falso negativo applicativo, causato da un problema di latenza o di gestione dei timeout infrastrutturali che ha interrotto la corretta ricezione della risposta.","Analisi dei log ed esecuzione in locale.
",,PIN-10570
[M2M_ESERVICES_DECLARED_ATTRIBUTES_DELETE_06_A],"failed: java.lang.RuntimeException: Invalid response 400 BAD_REQUEST: class Client {    id: 9defae62-9cea-4ff2-9cb3-d5084f9f21fe    createdAt: 2026-07-08T19:48:46.745Z    consumer: class CompactOrganization {        id: e79a24cd-8edc-441e-ae8d-e87c3aea0059        name: Comune di Milano        kind: null        contactMail: null        hasUnreadNotifications: null    }    admin: null    name: client-0-0-1827445437    purposes: []    description: Descrizione client    kind: API}	at it.pagopa.interop.authorization.service.DataPreparationService.assertValidResponse(DataPreparationService.java:147)	at it.pagopa.interop.authorization.service.DataPreparationService.addMemberToClient(DataPreparationService.java:71)	at it.pagopa.interop.authorization.service.M2MTokenService.getToken(M2MTokenService.java:79)	at it.pagopa.interop.authorization.service.identity.IdentityServiceInteropImpl.getToken(IdentityServiceInteropImpl.java:36)	at it.pagopa.interop.authorization.service.identity.IdentityServiceInteropImpl.getToken(IdentityServiceInteropImpl.java:29)	at it.pagopa.pn.interop.cucumber.steps.m2m.M2MAuthSteps.authenticateM2MUser(M2MAuthSteps.java:61)	at ✽.l'utente è un ""admin"" di ""PA1"" con ruolo M2M m2m-admin(classpath:it/pagopa/pn/cucumber/m2mgateway/eservices-declared-attributes.feature:354)","
","
","Il test fallisce perché l'endpoint restituisce inizialmente una serie di errori 504 Gateway Timeout e un 500 Internal Server Error, seguiti infine da un 400 Bad Request con dettaglio ""User already assigned to the client"". Questo comportamento dimostra che, nonostante i codici di errore della famiglia 5XX ricevuti inizialmente, l'operazione è stata in realtà presa in carico ed eseguita con successo dal backend. Il KO è pertanto da considerarsi un falso negativo applicativo, causato da un problema di latenza o di gestione dei timeout infrastrutturali che ha interrotto la corretta ricezione della risposta.","Analisi dei log ed esecuzione in locale.
",,PIN-10570
[M2M_ESERVICES_VERIFIED_ATTRIBUTES_ADD_03],"failed: java.lang.RuntimeException: Invalid response 400 BAD_REQUEST: class Client {    id: b9a2b302-2e09-4ce2-80c2-e2b8be2dfa17    createdAt: 2026-07-08T20:05:08.554Z    consumer: class CompactOrganization {        id: e79a24cd-8edc-441e-ae8d-e87c3aea0059        name: Comune di Milano        kind: null        contactMail: null        hasUnreadNotifications: null    }    admin: null    name: client-0-0-81655281    purposes: []    description: Descrizione client    kind: API}	at it.pagopa.interop.authorization.service.DataPreparationService.assertValidResponse(DataPreparationService.java:147)	at it.pagopa.interop.authorization.service.DataPreparationService.addMemberToClient(DataPreparationService.java:71)	at it.pagopa.interop.authorization.service.M2MTokenService.getToken(M2MTokenService.java:79)	at it.pagopa.interop.authorization.service.identity.IdentityServiceInteropImpl.getToken(IdentityServiceInteropImpl.java:36)	at it.pagopa.interop.authorization.service.identity.IdentityServiceInteropImpl.getToken(IdentityServiceInteropImpl.java:29)	at it.pagopa.pn.interop.cucumber.steps.m2m.M2MAuthSteps.authenticateM2MUser(M2MAuthSteps.java:61)	at ✽.l'utente è un ""admin"" di ""PA1"" con ruolo M2M m2m-admin(classpath:it/pagopa/pn/cucumber/m2mgateway/eservices-verified-attributes.feature:72)","
","
","Il test fallisce perché l'endpoint restituisce inizialmente una serie di errori 504 Gateway Timeout e un 500 Internal Server Error, seguiti infine da un 400 Bad Request con dettaglio ""User already assigned to the client"". Questo comportamento dimostra che, nonostante i codici di errore della famiglia 5XX ricevuti inizialmente, l'operazione è stata in realtà presa in carico ed eseguita con successo dal backend. Il KO è pertanto da considerarsi un falso negativo applicativo, causato da un problema di latenza o di gestione dei timeout infrastrutturali che ha interrotto la corretta ricezione della risposta.","Analisi dei log ed esecuzione in locale.
",,PIN-10570
[M2M_ESERVICES_VERIFIED_ATTRIBUTES_LIST_01_B],"failed: java.lang.RuntimeException: Invalid response 504 GATEWAY_TIMEOUT: [class CompactUser {    userId: 4ea722c3-defd-4372-a0c4-b4613072b632    name: Andrea    familyName: Bianchi}]	at it.pagopa.interop.authorization.service.DataPreparationService.assertValidResponse(DataPreparationService.java:147)	at it.pagopa.interop.authorization.service.DataPreparationService.addPublicKeyToClient(DataPreparationService.java:99)	at it.pagopa.interop.authorization.service.M2MTokenService.getToken(M2MTokenService.java:89)	at it.pagopa.interop.authorization.service.identity.IdentityServiceInteropImpl.getToken(IdentityServiceInteropImpl.java:36)	at it.pagopa.interop.authorization.service.identity.IdentityServiceInteropImpl.getToken(IdentityServiceInteropImpl.java:29)	at it.pagopa.pn.interop.cucumber.steps.m2m.M2MAuthSteps.authenticateM2MUser(M2MAuthSteps.java:61)	at ✽.l'utente è un ""admin"" di ""PA2"" con ruolo M2M m2m(classpath:it/pagopa/pn/cucumber/m2mgateway/eservices-verified-attributes.feature:201)","
","
","Il test fallisce perché l'endpoint restituisce inizialmente una serie di errori 504 Gateway Timeout e un 500 Internal Server Error, seguiti infine da un 400 Bad Request con dettaglio ""User already assigned to the client"". Questo comportamento dimostra che, nonostante i codici di errore della famiglia 5XX ricevuti inizialmente, l'operazione è stata in realtà presa in carico ed eseguita con successo dal backend. Il KO è pertanto da considerarsi un falso negativo applicativo, causato da un problema di latenza o di gestione dei timeout infrastrutturali che ha interrotto la corretta ricezione della risposta.","Analisi dei log ed esecuzione in locale.
",,PIN-10570
[M2M_ESERVICES_VERIFIED_ATTRIBUTES_DELETE_06_A],"failed: java.lang.RuntimeException: Invalid response 400 BAD_REQUEST: class Client {    id: 0cddc3cb-4d4d-4c5d-a77a-077a39ace607    createdAt: 2026-07-08T19:54:04.066Z    consumer: class CompactOrganization {        id: e79a24cd-8edc-441e-ae8d-e87c3aea0059        name: Comune di Milano        kind: null        contactMail: null        hasUnreadNotifications: null    }    admin: null    name: client-0-0-1502795049    purposes: []    description: Descrizione client    kind: API}	at it.pagopa.interop.authorization.service.DataPreparationService.assertValidResponse(DataPreparationService.java:147)	at it.pagopa.interop.authorization.service.DataPreparationService.addMemberToClient(DataPreparationService.java:71)	at it.pagopa.interop.authorization.service.M2MTokenService.getToken(M2MTokenService.java:79)	at it.pagopa.interop.authorization.service.identity.IdentityServiceInteropImpl.getToken(IdentityServiceInteropImpl.java:36)	at it.pagopa.interop.authorization.service.identity.IdentityServiceInteropImpl.getToken(IdentityServiceInteropImpl.java:29)	at it.pagopa.pn.interop.cucumber.steps.m2m.M2MAuthSteps.authenticateM2MUser(M2MAuthSteps.java:61)	at ✽.l'utente è un ""admin"" di ""PA1"" con ruolo M2M m2m-admin(classpath:it/pagopa/pn/cucumber/m2mgateway/eservices-verified-attributes.feature:353)","
","
","Il test fallisce perché l'endpoint restituisce inizialmente una serie di errori 504 Gateway Timeout e un 500 Internal Server Error, seguiti infine da un 400 Bad Request con dettaglio ""User already assigned to the client"". Questo comportamento dimostra che, nonostante i codici di errore della famiglia 5XX ricevuti inizialmente, l'operazione è stata in realtà presa in carico ed eseguita con successo dal backend. Il KO è pertanto da considerarsi un falso negativo applicativo, causato da un problema di latenza o di gestione dei timeout infrastrutturali che ha interrotto la corretta ricezione della risposta.","Analisi dei log ed esecuzione in locale.
",,PIN-10570
[M2MG_ESERVICES_4],"failed: java.lang.RuntimeException: Invalid response 504 GATEWAY_TIMEOUT: [class CompactUser {    userId: f07ddb8f-17f9-47d4-b31e-35d1ac10e521    name: Ivan    familyName: Diana}]	at it.pagopa.interop.authorization.service.DataPreparationService.assertValidResponse(DataPreparationService.java:147)	at it.pagopa.interop.authorization.service.DataPreparationService.editClientAdmin(DataPreparationService.java:122)	at it.pagopa.interop.authorization.service.M2MTokenService.getToken(M2MTokenService.java:82)	at it.pagopa.interop.authorization.service.identity.IdentityServiceInteropImpl.getToken(IdentityServiceInteropImpl.java:36)	at it.pagopa.interop.authorization.service.identity.IdentityServiceInteropImpl.getToken(IdentityServiceInteropImpl.java:29)	at it.pagopa.pn.interop.cucumber.steps.m2m.M2MAuthSteps.authenticateM2MUser(M2MAuthSteps.java:61)	at ✽.l'utente è un ""api,security"" di ""PA1"" con ruolo M2M m2m-admin(classpath:it/pagopa/pn/cucumber/m2mgateway/eservices.feature:40)","
","
","Il test fallisce perché l'endpoint restituisce inizialmente una serie di errori 504 Gateway Timeout e un 500 Internal Server Error, seguiti infine da un 400 Bad Request con dettaglio ""User already assigned to the client"". Questo comportamento dimostra che, nonostante i codici di errore della famiglia 5XX ricevuti inizialmente, l'operazione è stata in realtà presa in carico ed eseguita con successo dal backend. Il KO è pertanto da considerarsi un falso negativo applicativo, causato da un problema di latenza o di gestione dei timeout infrastrutturali che ha interrotto la corretta ricezione della risposta.","Analisi dei log ed esecuzione in locale.
",,PIN-10570
[M2MG_ESERVICES_5],"failed: java.lang.RuntimeException: Invalid response 504 GATEWAY_TIMEOUT: [class CompactUser {    userId: f07ddb8f-17f9-47d4-b31e-35d1ac10e521    name: Ivan    familyName: Diana}]	at it.pagopa.interop.authorization.service.DataPreparationService.assertValidResponse(DataPreparationService.java:147)	at it.pagopa.interop.authorization.service.DataPreparationService.addPublicKeyToClient(DataPreparationService.java:99)	at it.pagopa.interop.authorization.service.M2MTokenService.getToken(M2MTokenService.java:89)	at it.pagopa.interop.authorization.service.identity.IdentityServiceInteropImpl.getToken(IdentityServiceInteropImpl.java:36)	at it.pagopa.interop.authorization.service.identity.IdentityServiceInteropImpl.getToken(IdentityServiceInteropImpl.java:29)	at it.pagopa.pn.interop.cucumber.steps.m2m.M2MAuthSteps.authenticateM2MUser(M2MAuthSteps.java:61)	at ✽.l'utente è un ""admin"" di ""PA1"" con ruolo M2M m2m(classpath:it/pagopa/pn/cucumber/m2mgateway/eservices.feature:55)","
","
","Il test fallisce perché l'endpoint restituisce inizialmente una serie di errori 504 Gateway Timeout e un 500 Internal Server Error, seguiti infine da un 400 Bad Request con dettaglio ""User already assigned to the client"". Questo comportamento dimostra che, nonostante i codici di errore della famiglia 5XX ricevuti inizialmente, l'operazione è stata in realtà presa in carico ed eseguita con successo dal backend. Il KO è pertanto da considerarsi un falso negativo applicativo, causato da un problema di latenza o di gestione dei timeout infrastrutturali che ha interrotto la corretta ricezione della risposta.","Analisi dei log ed esecuzione in locale.
",,PIN-10570
[M2MG_ESERVICES_5],"failed: java.lang.RuntimeException: Invalid response 504 GATEWAY_TIMEOUT: class Client {    id: ce024024-f5ed-49e6-b1bf-9943a925b182    createdAt: 2026-07-08T20:04:59.033Z    consumer: class CompactOrganization {        id: e79a24cd-8edc-441e-ae8d-e87c3aea0059        name: Comune di Milano        kind: null        contactMail: null        hasUnreadNotifications: null    }    admin: class CompactUser {        userId: f07ddb8f-17f9-47d4-b31e-35d1ac10e521        name: Ivan        familyName: Diana    }    name: client-0-0-988442439    purposes: []    description: Descrizione client    kind: API}	at it.pagopa.interop.authorization.service.DataPreparationService.assertValidResponse(DataPreparationService.java:147)	at it.pagopa.interop.authorization.service.DataPreparationService.addPublicKeyToClient(DataPreparationService.java:99)	at it.pagopa.interop.authorization.service.M2MTokenService.getToken(M2MTokenService.java:89)	at it.pagopa.interop.authorization.service.identity.IdentityServiceInteropImpl.getToken(IdentityServiceInteropImpl.java:36)	at it.pagopa.interop.authorization.service.identity.IdentityServiceInteropImpl.getToken(IdentityServiceInteropImpl.java:29)	at it.pagopa.pn.interop.cucumber.steps.m2m.M2MAuthSteps.authenticateM2MUser(M2MAuthSteps.java:61)	at ✽.l'utente è un ""admin"" di ""PA1"" con ruolo M2M m2m-admin(classpath:it/pagopa/pn/cucumber/m2mgateway/eservices.feature:55)","
","
","Il test fallisce perché l'endpoint restituisce inizialmente una serie di errori 504 Gateway Timeout e un 500 Internal Server Error, seguiti infine da un 400 Bad Request con dettaglio ""User already assigned to the client"". Questo comportamento dimostra che, nonostante i codici di errore della famiglia 5XX ricevuti inizialmente, l'operazione è stata in realtà presa in carico ed eseguita con successo dal backend. Il KO è pertanto da considerarsi un falso negativo applicativo, causato da un problema di latenza o di gestione dei timeout infrastrutturali che ha interrotto la corretta ricezione della risposta.","Analisi dei log ed esecuzione in locale.
",,PIN-10570
[M2MG_ESERVICES_7],"failed: java.lang.RuntimeException: Invalid response 504 GATEWAY_TIMEOUT: [class CompactUser {    userId: f07ddb8f-17f9-47d4-b31e-35d1ac10e521    name: Ivan    familyName: Diana}]	at it.pagopa.interop.authorization.service.DataPreparationService.assertValidResponse(DataPreparationService.java:147)	at it.pagopa.interop.authorization.service.DataPreparationService.editClientAdmin(DataPreparationService.java:122)	at it.pagopa.interop.authorization.service.M2MTokenService.getToken(M2MTokenService.java:82)	at it.pagopa.interop.authorization.service.identity.IdentityServiceInteropImpl.getToken(IdentityServiceInteropImpl.java:36)	at it.pagopa.interop.authorization.service.identity.IdentityServiceInteropImpl.getToken(IdentityServiceInteropImpl.java:29)	at it.pagopa.pn.interop.cucumber.steps.m2m.M2MAuthSteps.authenticateM2MUser(M2MAuthSteps.java:61)	at ✽.l'utente è un ""admin"" di ""PA1"" con ruolo M2M m2m-admin(classpath:it/pagopa/pn/cucumber/m2mgateway/eservices.feature:67)","
","
","Il test fallisce perché l'endpoint restituisce inizialmente una serie di errori 504 Gateway Timeout e un 500 Internal Server Error, seguiti infine da un 400 Bad Request con dettaglio ""User already assigned to the client"". Questo comportamento dimostra che, nonostante i codici di errore della famiglia 5XX ricevuti inizialmente, l'operazione è stata in realtà presa in carico ed eseguita con successo dal backend. Il KO è pertanto da considerarsi un falso negativo applicativo, causato da un problema di latenza o di gestione dei timeout infrastrutturali che ha interrotto la corretta ricezione della risposta.","Analisi dei log ed esecuzione in locale.
",,PIN-10570
[M2MG_ESERVICES_8],"failed: java.lang.RuntimeException: Invalid response 504 GATEWAY_TIMEOUT: [class CompactUser {    userId: f07ddb8f-17f9-47d4-b31e-35d1ac10e521    name: Ivan    familyName: Diana}]	at it.pagopa.interop.authorization.service.DataPreparationService.assertValidResponse(DataPreparationService.java:147)	at it.pagopa.interop.authorization.service.DataPreparationService.editClientAdmin(DataPreparationService.java:122)	at it.pagopa.interop.authorization.service.M2MTokenService.getToken(M2MTokenService.java:82)	at it.pagopa.interop.authorization.service.identity.IdentityServiceInteropImpl.getToken(IdentityServiceInteropImpl.java:36)	at it.pagopa.interop.authorization.service.identity.IdentityServiceInteropImpl.getToken(IdentityServiceInteropImpl.java:29)	at it.pagopa.pn.interop.cucumber.steps.m2m.M2MAuthSteps.authenticateM2MUser(M2MAuthSteps.java:61)	at ✽.l'utente è un ""admin"" di ""PA1"" con ruolo M2M m2m-admin(classpath:it/pagopa/pn/cucumber/m2mgateway/eservices.feature:76)","
","
","Il test fallisce perché l'endpoint restituisce inizialmente una serie di errori 504 Gateway Timeout e un 500 Internal Server Error, seguiti infine da un 400 Bad Request con dettaglio ""User already assigned to the client"". Questo comportamento dimostra che, nonostante i codici di errore della famiglia 5XX ricevuti inizialmente, l'operazione è stata in realtà presa in carico ed eseguita con successo dal backend. Il KO è pertanto da considerarsi un falso negativo applicativo, causato da un problema di latenza o di gestione dei timeout infrastrutturali che ha interrotto la corretta ricezione della risposta.","Analisi dei log ed esecuzione in locale.
",,PIN-10570
[M2MG_ESERVICES_28],failed: org.opentest4j.AssertionFailedError: expected: <409> but was: <400>	at it.pagopa.pn.interop.cucumber.steps.delegate.DelegationCommonStep.thenStatusCodeIs(DelegationCommonStep.java:173)	at ✽.si ottiene lo status code 409(classpath:it/pagopa/pn/cucumber/m2mgateway/eservices.feature:272),"
","
",Viene restituito uno status code differente da quello atteso.,Questione precedentemente nota,,PIN-9599
[M2MG_ESERVICES_29_A],failed: org.opentest4j.AssertionFailedError: expected: <409> but was: <400>	at it.pagopa.pn.interop.cucumber.steps.delegate.DelegationCommonStep.thenStatusCodeIs(DelegationCommonStep.java:173)	at ✽.si ottiene lo status code 409(classpath:it/pagopa/pn/cucumber/m2mgateway/eservices.feature:279),"
","
",Viene restituito uno status code differente da quello atteso.,Questione precedentemente nota,,PIN-9599
[M2MG_ESERVICES_29_A],failed: org.opentest4j.AssertionFailedError: expected: <409> but was: <400>	at it.pagopa.pn.interop.cucumber.steps.delegate.DelegationCommonStep.thenStatusCodeIs(DelegationCommonStep.java:173)	at ✽.si ottiene lo status code 409(classpath:it/pagopa/pn/cucumber/m2mgateway/eservices.feature:279),"
","
",Viene restituito uno status code differente da quello atteso.,Questione precedentemente nota,,PIN-9599
[M2MG_ESERVICES_29_A],failed: org.opentest4j.AssertionFailedError: expected: <409> but was: <400>	at it.pagopa.pn.interop.cucumber.steps.delegate.DelegationCommonStep.thenStatusCodeIs(DelegationCommonStep.java:173)	at ✽.si ottiene lo status code 409(classpath:it/pagopa/pn/cucumber/m2mgateway/eservices.feature:279),"
","
",Viene restituito uno status code differente da quello atteso.,Questione precedentemente nota,,PIN-9599
[M2MG_ESERVICES_29_A],failed: org.opentest4j.AssertionFailedError: expected: <409> but was: <400>	at it.pagopa.pn.interop.cucumber.steps.delegate.DelegationCommonStep.thenStatusCodeIs(DelegationCommonStep.java:173)	at ✽.si ottiene lo status code 409(classpath:it/pagopa/pn/cucumber/m2mgateway/eservices.feature:279),"
","
",Viene restituito uno status code differente da quello atteso.,Questione precedentemente nota,,PIN-9599
[M2MG_ESERVICES_29_B],failed: org.opentest4j.AssertionFailedError: expected: <409> but was: <400>	at it.pagopa.pn.interop.cucumber.steps.delegate.DelegationCommonStep.thenStatusCodeIs(DelegationCommonStep.java:173)	at ✽.si ottiene lo status code 409(classpath:it/pagopa/pn/cucumber/m2mgateway/eservices.feature:292),"
","
",Viene restituito uno status code differente da quello atteso.,Questione precedentemente nota,,PIN-9599
[M2MG_ESERVICES_37],"failed: java.lang.RuntimeException: Invalid response 400 BAD_REQUEST: class Client {    id: 8ecc6d0b-d05c-4830-96e9-1d41095c89a3    createdAt: 2026-07-08T20:10:46.190Z    consumer: class CompactOrganization {        id: e79a24cd-8edc-441e-ae8d-e87c3aea0059        name: Comune di Milano        kind: null        contactMail: null        hasUnreadNotifications: null    }    admin: null    name: client-0-0-1012189057    purposes: []    description: Descrizione client    kind: API}	at it.pagopa.interop.authorization.service.DataPreparationService.assertValidResponse(DataPreparationService.java:147)	at it.pagopa.interop.authorization.service.DataPreparationService.addMemberToClient(DataPreparationService.java:71)	at it.pagopa.interop.authorization.service.M2MTokenService.getToken(M2MTokenService.java:79)	at it.pagopa.interop.authorization.service.identity.IdentityServiceInteropImpl.getToken(IdentityServiceInteropImpl.java:36)	at it.pagopa.interop.authorization.service.identity.IdentityServiceInteropImpl.getToken(IdentityServiceInteropImpl.java:29)	at it.pagopa.pn.interop.cucumber.steps.m2m.M2MAuthSteps.authenticateM2MUser(M2MAuthSteps.java:61)	at ✽.l'utente è un ""admin"" di ""PA1"" con ruolo M2M m2m-admin(classpath:it/pagopa/pn/cucumber/m2mgateway/eservices.feature:386)","
","
","Il test fallisce perché l'endpoint restituisce inizialmente una serie di errori 504 Gateway Timeout e un 500 Internal Server Error, seguiti infine da un 400 Bad Request con dettaglio ""User already assigned to the client"". Questo comportamento dimostra che, nonostante i codici di errore della famiglia 5XX ricevuti inizialmente, l'operazione è stata in realtà presa in carico ed eseguita con successo dal backend. Il KO è pertanto da considerarsi un falso negativo applicativo, causato da un problema di latenza o di gestione dei timeout infrastrutturali che ha interrotto la corretta ricezione della risposta.","Analisi dei log ed esecuzione in locale.
",,PIN-10570
[M2MG_ESERVICES_42_2],"failed: java.lang.RuntimeException: Invalid response 400 BAD_REQUEST: class Client {    id: 3191172e-79db-44f2-aa54-a753b3b9282d    createdAt: 2026-07-08T20:10:44.822Z    consumer: class CompactOrganization {        id: e79a24cd-8edc-441e-ae8d-e87c3aea0059        name: Comune di Milano        kind: null        contactMail: null        hasUnreadNotifications: null    }    admin: null    name: client-0-0-810157795    purposes: []    description: Descrizione client    kind: API}	at it.pagopa.interop.authorization.service.DataPreparationService.assertValidResponse(DataPreparationService.java:147)	at it.pagopa.interop.authorization.service.DataPreparationService.addMemberToClient(DataPreparationService.java:71)	at it.pagopa.interop.authorization.service.M2MTokenService.getToken(M2MTokenService.java:79)	at it.pagopa.interop.authorization.service.identity.IdentityServiceInteropImpl.getToken(IdentityServiceInteropImpl.java:36)	at it.pagopa.interop.authorization.service.identity.IdentityServiceInteropImpl.getToken(IdentityServiceInteropImpl.java:29)	at it.pagopa.pn.interop.cucumber.steps.m2m.M2MAuthSteps.authenticateM2MUser(M2MAuthSteps.java:61)	at ✽.l'utente è un ""admin"" di ""PA1"" con ruolo M2M m2m-admin(classpath:it/pagopa/pn/cucumber/m2mgateway/eservices.feature:522)","
","
","Il test fallisce perché l'endpoint restituisce inizialmente una serie di errori 504 Gateway Timeout e un 500 Internal Server Error, seguiti infine da un 400 Bad Request con dettaglio ""User already assigned to the client"". Questo comportamento dimostra che, nonostante i codici di errore della famiglia 5XX ricevuti inizialmente, l'operazione è stata in realtà presa in carico ed eseguita con successo dal backend. Il KO è pertanto da considerarsi un falso negativo applicativo, causato da un problema di latenza o di gestione dei timeout infrastrutturali che ha interrotto la corretta ricezione della risposta.","Analisi dei log ed esecuzione in locale.
",,PIN-10570
[M2MG_ESERVICES_44],"failed: java.lang.RuntimeException: Invalid response 400 BAD_REQUEST: class Client {    id: 48940206-f4ed-4801-adb7-1d0524376ffa    createdAt: 2026-07-08T20:10:47.099Z    consumer: class CompactOrganization {        id: e79a24cd-8edc-441e-ae8d-e87c3aea0059        name: Comune di Milano        kind: null        contactMail: null        hasUnreadNotifications: null    }    admin: null    name: client-0-0-1589140056    purposes: []    description: Descrizione client    kind: API}	at it.pagopa.interop.authorization.service.DataPreparationService.assertValidResponse(DataPreparationService.java:147)	at it.pagopa.interop.authorization.service.DataPreparationService.addMemberToClient(DataPreparationService.java:71)	at it.pagopa.interop.authorization.service.M2MTokenService.getToken(M2MTokenService.java:79)	at it.pagopa.interop.authorization.service.identity.IdentityServiceInteropImpl.getToken(IdentityServiceInteropImpl.java:36)	at it.pagopa.interop.authorization.service.identity.IdentityServiceInteropImpl.getToken(IdentityServiceInteropImpl.java:29)	at it.pagopa.pn.interop.cucumber.steps.m2m.M2MAuthSteps.authenticateM2MUser(M2MAuthSteps.java:61)	at ✽.l'utente è un ""admin"" di ""PA1"" con ruolo M2M m2m(classpath:it/pagopa/pn/cucumber/m2mgateway/eservices.feature:554)","
","
","Il test fallisce perché l'endpoint restituisce inizialmente una serie di errori 504 Gateway Timeout e un 500 Internal Server Error, seguiti infine da un 400 Bad Request con dettaglio ""User already assigned to the client"". Questo comportamento dimostra che, nonostante i codici di errore della famiglia 5XX ricevuti inizialmente, l'operazione è stata in realtà presa in carico ed eseguita con successo dal backend. Il KO è pertanto da considerarsi un falso negativo applicativo, causato da un problema di latenza o di gestione dei timeout infrastrutturali che ha interrotto la corretta ricezione della risposta.","Analisi dei log ed esecuzione in locale.
",,PIN-10570
[M2MG_ESERVICES_47_B],"failed: java.lang.RuntimeException: Invalid response 504 GATEWAY_TIMEOUT: class Client {    id: 52ec7a75-2ba5-4cf2-af84-44ffe1781271    createdAt: 2026-07-08T20:10:30.364Z    consumer: class CompactOrganization {        id: e79a24cd-8edc-441e-ae8d-e87c3aea0059        name: Comune di Milano        kind: null        contactMail: null        hasUnreadNotifications: null    }    admin: class CompactUser {        userId: f07ddb8f-17f9-47d4-b31e-35d1ac10e521        name: Ivan        familyName: Diana    }    name: client-0-0-1740513636    purposes: []    description: Descrizione client    kind: API}	at it.pagopa.interop.authorization.service.DataPreparationService.assertValidResponse(DataPreparationService.java:147)	at it.pagopa.interop.authorization.service.DataPreparationService.addPublicKeyToClient(DataPreparationService.java:99)	at it.pagopa.interop.authorization.service.M2MTokenService.getToken(M2MTokenService.java:89)	at it.pagopa.interop.authorization.service.identity.IdentityServiceInteropImpl.getToken(IdentityServiceInteropImpl.java:36)	at it.pagopa.interop.authorization.service.identity.IdentityServiceInteropImpl.getToken(IdentityServiceInteropImpl.java:29)	at it.pagopa.pn.interop.cucumber.steps.m2m.M2MAuthSteps.authenticateM2MUser(M2MAuthSteps.java:61)	at ✽.l'utente è un ""admin"" di ""PA1"" con ruolo M2M m2m-admin(classpath:it/pagopa/pn/cucumber/m2mgateway/eservices.feature:603)","
","
","Il test fallisce perché l'endpoint restituisce inizialmente una serie di errori 504 Gateway Timeout e un 500 Internal Server Error, seguiti infine da un 400 Bad Request con dettaglio ""User already assigned to the client"". Questo comportamento dimostra che, nonostante i codici di errore della famiglia 5XX ricevuti inizialmente, l'operazione è stata in realtà presa in carico ed eseguita con successo dal backend. Il KO è pertanto da considerarsi un falso negativo applicativo, causato da un problema di latenza o di gestione dei timeout infrastrutturali che ha interrotto la corretta ricezione della risposta.","Analisi dei log ed esecuzione in locale.
",,PIN-10570
[M2MG_ESERVICES_49],"failed: java.lang.RuntimeException: Invalid response 400 BAD_REQUEST: class Client {    id: a757eed3-10e4-4fd7-9ad3-7f6ef03314fb    createdAt: 2026-07-08T20:10:50.878Z    consumer: class CompactOrganization {        id: e79a24cd-8edc-441e-ae8d-e87c3aea0059        name: Comune di Milano        kind: null        contactMail: null        hasUnreadNotifications: null    }    admin: null    name: client-0-0-1873633325    purposes: []    description: Descrizione client    kind: API}	at it.pagopa.interop.authorization.service.DataPreparationService.assertValidResponse(DataPreparationService.java:147)	at it.pagopa.interop.authorization.service.DataPreparationService.addMemberToClient(DataPreparationService.java:71)	at it.pagopa.interop.authorization.service.M2MTokenService.getToken(M2MTokenService.java:79)	at it.pagopa.interop.authorization.service.identity.IdentityServiceInteropImpl.getToken(IdentityServiceInteropImpl.java:36)	at it.pagopa.interop.authorization.service.identity.IdentityServiceInteropImpl.getToken(IdentityServiceInteropImpl.java:29)	at it.pagopa.pn.interop.cucumber.steps.m2m.M2MAuthSteps.authenticateM2MUser(M2MAuthSteps.java:61)	at ✽.l'utente è un ""admin"" di ""PA1"" con ruolo M2M m2m-admin(classpath:it/pagopa/pn/cucumber/m2mgateway/eservices.feature:626)","
","
","Il test fallisce perché l'endpoint restituisce inizialmente una serie di errori 504 Gateway Timeout e un 500 Internal Server Error, seguiti infine da un 400 Bad Request con dettaglio ""User already assigned to the client"". Questo comportamento dimostra che, nonostante i codici di errore della famiglia 5XX ricevuti inizialmente, l'operazione è stata in realtà presa in carico ed eseguita con successo dal backend. Il KO è pertanto da considerarsi un falso negativo applicativo, causato da un problema di latenza o di gestione dei timeout infrastrutturali che ha interrotto la corretta ricezione della risposta.","Analisi dei log ed esecuzione in locale.
",,PIN-10570
[M2M_ESERVICE_PUBLISHED_UPDATE_DELEGATION_1A],"failed: java.lang.RuntimeException: Invalid response 504 GATEWAY_TIMEOUT: [class CompactUser {    userId: f07ddb8f-17f9-47d4-b31e-35d1ac10e521    name: Ivan    familyName: Diana}]	at it.pagopa.interop.authorization.service.DataPreparationService.assertValidResponse(DataPreparationService.java:147)	at it.pagopa.interop.authorization.service.DataPreparationService.editClientAdmin(DataPreparationService.java:122)	at it.pagopa.interop.authorization.service.M2MTokenService.getToken(M2MTokenService.java:82)	at it.pagopa.interop.authorization.service.identity.IdentityServiceInteropImpl.getToken(IdentityServiceInteropImpl.java:36)	at it.pagopa.interop.authorization.service.identity.IdentityServiceInteropImpl.getToken(IdentityServiceInteropImpl.java:29)	at it.pagopa.pn.interop.cucumber.steps.m2m.M2MAuthSteps.authenticateM2MUser(M2MAuthSteps.java:61)	at ✽.l'utente è un ""admin"" di ""GSP"" con ruolo M2M m2m-admin(classpath:it/pagopa/pn/cucumber/m2mgateway/eservices.feature:901)","
","
","Il test fallisce perché l'endpoint restituisce inizialmente una serie di errori 504 Gateway Timeout e un 500 Internal Server Error, seguiti infine da un 400 Bad Request con dettaglio ""User already assigned to the client"". Questo comportamento dimostra che, nonostante i codici di errore della famiglia 5XX ricevuti inizialmente, l'operazione è stata in realtà presa in carico ed eseguita con successo dal backend. Il KO è pertanto da considerarsi un falso negativo applicativo, causato da un problema di latenza o di gestione dei timeout infrastrutturali che ha interrotto la corretta ricezione della risposta.","Analisi dei log ed esecuzione in locale.
",,PIN-10570
[M2M_ESERVICE_PUBLISHED_UPDATE_DELEGATION_1A],"failed: java.lang.RuntimeException: Invalid response 400 BAD_REQUEST: class Client {    id: 74d3881e-deb2-4c1f-8351-1207cd5770f0    createdAt: 2026-07-08T20:16:09.706Z    consumer: class CompactOrganization {        id: 69e2865e-65ab-4e48-a638-2037a9ee2ee7        name: PagoPA S.p.A.        kind: null        contactMail: null        hasUnreadNotifications: null    }    admin: null    name: client-0-0-901200168    purposes: []    description: Descrizione client    kind: API}	at it.pagopa.interop.authorization.service.DataPreparationService.assertValidResponse(DataPreparationService.java:147)	at it.pagopa.interop.authorization.service.DataPreparationService.addMemberToClient(DataPreparationService.java:71)	at it.pagopa.interop.authorization.service.M2MTokenService.getToken(M2MTokenService.java:79)	at it.pagopa.interop.authorization.service.identity.IdentityServiceInteropImpl.getToken(IdentityServiceInteropImpl.java:36)	at it.pagopa.interop.authorization.service.identity.IdentityServiceInteropImpl.getToken(IdentityServiceInteropImpl.java:29)	at it.pagopa.pn.interop.cucumber.steps.m2m.M2MAuthSteps.authenticateM2MUser(M2MAuthSteps.java:61)	at ✽.l'utente è un ""admin"" di ""GSP"" con ruolo M2M m2m-admin(classpath:it/pagopa/pn/cucumber/m2mgateway/eservices.feature:901)","
","
","Il test fallisce perché l'endpoint restituisce inizialmente una serie di errori 504 Gateway Timeout e un 500 Internal Server Error, seguiti infine da un 400 Bad Request con dettaglio ""User already assigned to the client"". Questo comportamento dimostra che, nonostante i codici di errore della famiglia 5XX ricevuti inizialmente, l'operazione è stata in realtà presa in carico ed eseguita con successo dal backend. Il KO è pertanto da considerarsi un falso negativo applicativo, causato da un problema di latenza o di gestione dei timeout infrastrutturali che ha interrotto la corretta ricezione della risposta.","Analisi dei log ed esecuzione in locale.
",,PIN-10570
[M2M_ESERVICE_PUBLISHED_UPDATE_DELEGATION_1B],"failed: java.lang.RuntimeException: Invalid response 400 BAD_REQUEST: class Client {    id: e6fa7fb1-3746-4288-b1c7-178591435287    createdAt: 2026-07-08T20:21:39.546Z    consumer: class CompactOrganization {        id: a7a87b2c-5742-43fb-a847-6304bb0414b4        name: SOGECAP        kind: null        contactMail: null        hasUnreadNotifications: null    }    admin: null    name: client-0-0-1825428447    purposes: []    description: Descrizione client    kind: API}	at it.pagopa.interop.authorization.service.DataPreparationService.assertValidResponse(DataPreparationService.java:147)	at it.pagopa.interop.authorization.service.DataPreparationService.addMemberToClient(DataPreparationService.java:71)	at it.pagopa.interop.authorization.service.M2MTokenService.getToken(M2MTokenService.java:79)	at it.pagopa.interop.authorization.service.identity.IdentityServiceInteropImpl.getToken(IdentityServiceInteropImpl.java:36)	at it.pagopa.interop.authorization.service.identity.IdentityServiceInteropImpl.getToken(IdentityServiceInteropImpl.java:29)	at it.pagopa.pn.interop.cucumber.steps.m2m.M2MAuthSteps.authenticateM2MUser(M2MAuthSteps.java:61)	at ✽.l'utente è un ""admin"" di ""Privato"" con ruolo M2M m2m-admin(classpath:it/pagopa/pn/cucumber/m2mgateway/eservices.feature:937)","
","
","Il test fallisce perché l'endpoint restituisce inizialmente una serie di errori 504 Gateway Timeout e un 500 Internal Server Error, seguiti infine da un 400 Bad Request con dettaglio ""User already assigned to the client"". Questo comportamento dimostra che, nonostante i codici di errore della famiglia 5XX ricevuti inizialmente, l'operazione è stata in realtà presa in carico ed eseguita con successo dal backend. Il KO è pertanto da considerarsi un falso negativo applicativo, causato da un problema di latenza o di gestione dei timeout infrastrutturali che ha interrotto la corretta ricezione della risposta.","Analisi dei log ed esecuzione in locale.
",,PIN-10570
[M2M_ESERVICE_PUBLISHED_UPDATE_DELEGATION_3A],"failed: java.lang.RuntimeException: Invalid response 400 BAD_REQUEST: class Client {    id: 11de34c3-abc1-43a2-b8ef-deb89b8cec68    createdAt: 2026-07-08T20:16:16.583Z    consumer: class CompactOrganization {        id: e79a24cd-8edc-441e-ae8d-e87c3aea0059        name: Comune di Milano        kind: null        contactMail: null        hasUnreadNotifications: null    }    admin: null    name: client-0-0-1361384049    purposes: []    description: Descrizione client    kind: API}	at it.pagopa.interop.authorization.service.DataPreparationService.assertValidResponse(DataPreparationService.java:147)	at it.pagopa.interop.authorization.service.DataPreparationService.addMemberToClient(DataPreparationService.java:71)	at it.pagopa.interop.authorization.service.M2MTokenService.getToken(M2MTokenService.java:79)	at it.pagopa.interop.authorization.service.identity.IdentityServiceInteropImpl.getToken(IdentityServiceInteropImpl.java:36)	at it.pagopa.interop.authorization.service.identity.IdentityServiceInteropImpl.getToken(IdentityServiceInteropImpl.java:29)	at it.pagopa.pn.interop.cucumber.steps.m2m.M2MAuthSteps.authenticateM2MUser(M2MAuthSteps.java:61)	at ✽.l'utente è un ""admin"" di ""PA1"" con ruolo M2M m2m-admin(classpath:it/pagopa/pn/cucumber/m2mgateway/eservices.feature:983)","
","
","Il test fallisce perché l'endpoint restituisce inizialmente una serie di errori 504 Gateway Timeout e un 500 Internal Server Error, seguiti infine da un 400 Bad Request con dettaglio ""User already assigned to the client"". Questo comportamento dimostra che, nonostante i codici di errore della famiglia 5XX ricevuti inizialmente, l'operazione è stata in realtà presa in carico ed eseguita con successo dal backend. Il KO è pertanto da considerarsi un falso negativo applicativo, causato da un problema di latenza o di gestione dei timeout infrastrutturali che ha interrotto la corretta ricezione della risposta.","Analisi dei log ed esecuzione in locale.
",,PIN-10570
[M2M_ESERVICE_PUBLISHED_UPDATE_DELEGATION_3B],"failed: java.lang.RuntimeException: Invalid response 504 GATEWAY_TIMEOUT: class Client {    id: c64fdc6a-3665-4493-8d05-a9b282bee203    createdAt: 2026-07-08T20:15:58.352Z    consumer: class CompactOrganization {        id: 69e2865e-65ab-4e48-a638-2037a9ee2ee7        name: PagoPA S.p.A.        kind: null        contactMail: null        hasUnreadNotifications: null    }    admin: class CompactUser {        userId: f07ddb8f-17f9-47d4-b31e-35d1ac10e521        name: Ivan        familyName: Diana    }    name: client-0-0-325084349    purposes: []    description: Descrizione client    kind: API}	at it.pagopa.interop.authorization.service.DataPreparationService.assertValidResponse(DataPreparationService.java:147)	at it.pagopa.interop.authorization.service.DataPreparationService.addPublicKeyToClient(DataPreparationService.java:99)	at it.pagopa.interop.authorization.service.M2MTokenService.getToken(M2MTokenService.java:89)	at it.pagopa.interop.authorization.service.identity.IdentityServiceInteropImpl.getToken(IdentityServiceInteropImpl.java:36)	at it.pagopa.interop.authorization.service.identity.IdentityServiceInteropImpl.getToken(IdentityServiceInteropImpl.java:29)	at it.pagopa.pn.interop.cucumber.steps.m2m.M2MAuthSteps.authenticateM2MUser(M2MAuthSteps.java:61)	at ✽.l'utente è un ""admin"" di ""GSP"" con ruolo M2M m2m-admin(classpath:it/pagopa/pn/cucumber/m2mgateway/eservices.feature:1002)","
","
","Il test fallisce perché l'endpoint restituisce inizialmente una serie di errori 504 Gateway Timeout e un 500 Internal Server Error, seguiti infine da un 400 Bad Request con dettaglio ""User already assigned to the client"". Questo comportamento dimostra che, nonostante i codici di errore della famiglia 5XX ricevuti inizialmente, l'operazione è stata in realtà presa in carico ed eseguita con successo dal backend. Il KO è pertanto da considerarsi un falso negativo applicativo, causato da un problema di latenza o di gestione dei timeout infrastrutturali che ha interrotto la corretta ricezione della risposta.","Analisi dei log ed esecuzione in locale.
",,PIN-10570
[M2M_ESERVICE_PUBLISHED_UPDATE_DELEGATION_4C],"failed: java.lang.RuntimeException: Invalid response 400 BAD_REQUEST: class Client {    id: 3a26b644-adcd-412d-803d-6125e5f3d9b8    createdAt: 2026-07-08T20:16:13.795Z    consumer: class CompactOrganization {        id: a7a87b2c-5742-43fb-a847-6304bb0414b4        name: SOGECAP        kind: null        contactMail: null        hasUnreadNotifications: null    }    admin: null    name: client-0-0-1395813428    purposes: []    description: Descrizione client    kind: API}	at it.pagopa.interop.authorization.service.DataPreparationService.assertValidResponse(DataPreparationService.java:147)	at it.pagopa.interop.authorization.service.DataPreparationService.addMemberToClient(DataPreparationService.java:71)	at it.pagopa.interop.authorization.service.M2MTokenService.getToken(M2MTokenService.java:79)	at it.pagopa.interop.authorization.service.identity.IdentityServiceInteropImpl.getToken(IdentityServiceInteropImpl.java:36)	at it.pagopa.interop.authorization.service.identity.IdentityServiceInteropImpl.getToken(IdentityServiceInteropImpl.java:29)	at it.pagopa.pn.interop.cucumber.steps.m2m.M2MAuthSteps.authenticateM2MUser(M2MAuthSteps.java:61)	at ✽.l'utente è un ""admin"" di ""Privato"" con ruolo M2M m2m-admin(classpath:it/pagopa/pn/cucumber/m2mgateway/eservices.feature:1072)","
","
","Il test fallisce perché l'endpoint restituisce inizialmente una serie di errori 504 Gateway Timeout e un 500 Internal Server Error, seguiti infine da un 400 Bad Request con dettaglio ""User already assigned to the client"". Questo comportamento dimostra che, nonostante i codici di errore della famiglia 5XX ricevuti inizialmente, l'operazione è stata in realtà presa in carico ed eseguita con successo dal backend. Il KO è pertanto da considerarsi un falso negativo applicativo, causato da un problema di latenza o di gestione dei timeout infrastrutturali che ha interrotto la corretta ricezione della risposta.","Analisi dei log ed esecuzione in locale.
",,PIN-10570
[M2M_ESERVICE_PUBLISHED_UPDATE_DELEGATION_5],"failed: java.lang.RuntimeException: Invalid response 504 GATEWAY_TIMEOUT: [class CompactUser {    userId: 4ea722c3-defd-4372-a0c4-b4613072b632    name: Andrea    familyName: Bianchi}]	at it.pagopa.interop.authorization.service.DataPreparationService.assertValidResponse(DataPreparationService.java:147)	at it.pagopa.interop.authorization.service.DataPreparationService.editClientAdmin(DataPreparationService.java:122)	at it.pagopa.interop.authorization.service.M2MTokenService.getToken(M2MTokenService.java:82)	at it.pagopa.interop.authorization.service.identity.IdentityServiceInteropImpl.getToken(IdentityServiceInteropImpl.java:36)	at it.pagopa.interop.authorization.service.identity.IdentityServiceInteropImpl.getToken(IdentityServiceInteropImpl.java:29)	at it.pagopa.pn.interop.cucumber.steps.m2m.M2MAuthSteps.authenticateM2MUser(M2MAuthSteps.java:61)	at ✽.l'utente è un ""admin"" di ""PA2"" con ruolo M2M m2m-admin(classpath:it/pagopa/pn/cucumber/m2mgateway/eservices.feature:1093)","
","
","Il test fallisce perché l'endpoint restituisce inizialmente una serie di errori 504 Gateway Timeout e un 500 Internal Server Error, seguiti infine da un 400 Bad Request con dettaglio ""User already assigned to the client"". Questo comportamento dimostra che, nonostante i codici di errore della famiglia 5XX ricevuti inizialmente, l'operazione è stata in realtà presa in carico ed eseguita con successo dal backend. Il KO è pertanto da considerarsi un falso negativo applicativo, causato da un problema di latenza o di gestione dei timeout infrastrutturali che ha interrotto la corretta ricezione della risposta.","Analisi dei log ed esecuzione in locale.
",,PIN-10570
[M2M_ESERVICE_PUBLISHED_UPDATE_DELEGATION_5],"failed: java.lang.RuntimeException: Invalid response 400 BAD_REQUEST: class Client {    id: 79688520-9107-4544-a6d6-96c0a8585d74    createdAt: 2026-07-08T20:21:42.277Z    consumer: class CompactOrganization {        id: 0e9e2dab-2e93-4f24-ba59-38d9f11198ca        name: Agenzia per L'Italia Digitale        kind: null        contactMail: null        hasUnreadNotifications: null    }    admin: null    name: client-0-0-177513390    purposes: []    description: Descrizione client    kind: API}	at it.pagopa.interop.authorization.service.DataPreparationService.assertValidResponse(DataPreparationService.java:147)	at it.pagopa.interop.authorization.service.DataPreparationService.addMemberToClient(DataPreparationService.java:71)	at it.pagopa.interop.authorization.service.M2MTokenService.getToken(M2MTokenService.java:79)	at it.pagopa.interop.authorization.service.identity.IdentityServiceInteropImpl.getToken(IdentityServiceInteropImpl.java:36)	at it.pagopa.interop.authorization.service.identity.IdentityServiceInteropImpl.getToken(IdentityServiceInteropImpl.java:29)	at it.pagopa.pn.interop.cucumber.steps.m2m.M2MAuthSteps.authenticateM2MUser(M2MAuthSteps.java:61)	at ✽.l'utente è un ""admin"" di ""PA2"" con ruolo M2M m2m-admin(classpath:it/pagopa/pn/cucumber/m2mgateway/eservices.feature:1093)","
","
","Il test fallisce perché l'endpoint restituisce inizialmente una serie di errori 504 Gateway Timeout e un 500 Internal Server Error, seguiti infine da un 400 Bad Request con dettaglio ""User already assigned to the client"". Questo comportamento dimostra che, nonostante i codici di errore della famiglia 5XX ricevuti inizialmente, l'operazione è stata in realtà presa in carico ed eseguita con successo dal backend. Il KO è pertanto da considerarsi un falso negativo applicativo, causato da un problema di latenza o di gestione dei timeout infrastrutturali che ha interrotto la corretta ricezione della risposta.","Analisi dei log ed esecuzione in locale.
",,PIN-10570
[M2M_ESERVICE_PUBLISHED_UPDATE_DELEGATION_5],"failed: java.lang.RuntimeException: Invalid response 400 BAD_REQUEST: class Client {    id: d634ec31-a11a-4199-b3cf-e0458db2a7a6    createdAt: 2026-07-08T20:21:52.011Z    consumer: class CompactOrganization {        id: 0e9e2dab-2e93-4f24-ba59-38d9f11198ca        name: Agenzia per L'Italia Digitale        kind: null        contactMail: null        hasUnreadNotifications: null    }    admin: null    name: client-0-0-728791618    purposes: []    description: Descrizione client    kind: API}	at it.pagopa.interop.authorization.service.DataPreparationService.assertValidResponse(DataPreparationService.java:147)	at it.pagopa.interop.authorization.service.DataPreparationService.addMemberToClient(DataPreparationService.java:71)	at it.pagopa.interop.authorization.service.M2MTokenService.getToken(M2MTokenService.java:79)	at it.pagopa.interop.authorization.service.identity.IdentityServiceInteropImpl.getToken(IdentityServiceInteropImpl.java:36)	at it.pagopa.interop.authorization.service.identity.IdentityServiceInteropImpl.getToken(IdentityServiceInteropImpl.java:29)	at it.pagopa.pn.interop.cucumber.steps.m2m.M2MAuthSteps.authenticateM2MUser(M2MAuthSteps.java:61)	at ✽.l'utente è un ""admin"" di ""PA2"" con ruolo M2M m2m-admin(classpath:it/pagopa/pn/cucumber/m2mgateway/eservices.feature:1093)","
","
","Il test fallisce perché l'endpoint restituisce inizialmente una serie di errori 504 Gateway Timeout e un 500 Internal Server Error, seguiti infine da un 400 Bad Request con dettaglio ""User already assigned to the client"". Questo comportamento dimostra che, nonostante i codici di errore della famiglia 5XX ricevuti inizialmente, l'operazione è stata in realtà presa in carico ed eseguita con successo dal backend. Il KO è pertanto da considerarsi un falso negativo applicativo, causato da un problema di latenza o di gestione dei timeout infrastrutturali che ha interrotto la corretta ricezione della risposta.","Analisi dei log ed esecuzione in locale.
",,PIN-10570
[M2M_ESERVICE_PUBLISHED_UPDATE_DELEGATION_5],"failed: java.lang.RuntimeException: Invalid response 504 GATEWAY_TIMEOUT: [class CompactUser {    userId: 4ea722c3-defd-4372-a0c4-b4613072b632    name: Andrea    familyName: Bianchi}]	at it.pagopa.interop.authorization.service.DataPreparationService.assertValidResponse(DataPreparationService.java:147)	at it.pagopa.interop.authorization.service.DataPreparationService.editClientAdmin(DataPreparationService.java:122)	at it.pagopa.interop.authorization.service.M2MTokenService.getToken(M2MTokenService.java:82)	at it.pagopa.interop.authorization.service.identity.IdentityServiceInteropImpl.getToken(IdentityServiceInteropImpl.java:36)	at it.pagopa.interop.authorization.service.identity.IdentityServiceInteropImpl.getToken(IdentityServiceInteropImpl.java:29)	at it.pagopa.pn.interop.cucumber.steps.m2m.M2MAuthSteps.authenticateM2MUser(M2MAuthSteps.java:61)	at ✽.l'utente è un ""admin"" di ""PA2"" con ruolo M2M m2m-admin(classpath:it/pagopa/pn/cucumber/m2mgateway/eservices.feature:1093)","
","
","Il test fallisce perché l'endpoint restituisce inizialmente una serie di errori 504 Gateway Timeout e un 500 Internal Server Error, seguiti infine da un 400 Bad Request con dettaglio ""User already assigned to the client"". Questo comportamento dimostra che, nonostante i codici di errore della famiglia 5XX ricevuti inizialmente, l'operazione è stata in realtà presa in carico ed eseguita con successo dal backend. Il KO è pertanto da considerarsi un falso negativo applicativo, causato da un problema di latenza o di gestione dei timeout infrastrutturali che ha interrotto la corretta ricezione della risposta.","Analisi dei log ed esecuzione in locale.
",,PIN-10570
[M2M_ESERVICE_PUBLISHED_UPDATE_DELEGATION_5],"failed: java.lang.RuntimeException: Invalid response 400 BAD_REQUEST: class Client {    id: 98e5a055-9ddd-4d1a-889f-915d966af00f    createdAt: 2026-07-08T20:16:17.156Z    consumer: class CompactOrganization {        id: 0e9e2dab-2e93-4f24-ba59-38d9f11198ca        name: Agenzia per L'Italia Digitale        kind: null        contactMail: null        hasUnreadNotifications: null    }    admin: null    name: client-0-0-973748507    purposes: []    description: Descrizione client    kind: API}	at it.pagopa.interop.authorization.service.DataPreparationService.assertValidResponse(DataPreparationService.java:147)	at it.pagopa.interop.authorization.service.DataPreparationService.addMemberToClient(DataPreparationService.java:71)	at it.pagopa.interop.authorization.service.M2MTokenService.getToken(M2MTokenService.java:79)	at it.pagopa.interop.authorization.service.identity.IdentityServiceInteropImpl.getToken(IdentityServiceInteropImpl.java:36)	at it.pagopa.interop.authorization.service.identity.IdentityServiceInteropImpl.getToken(IdentityServiceInteropImpl.java:29)	at it.pagopa.pn.interop.cucumber.steps.m2m.M2MAuthSteps.authenticateM2MUser(M2MAuthSteps.java:61)	at ✽.l'utente è un ""admin"" di ""PA2"" con ruolo M2M m2m-admin(classpath:it/pagopa/pn/cucumber/m2mgateway/eservices.feature:1093)","
","
","Il test fallisce perché l'endpoint restituisce inizialmente una serie di errori 504 Gateway Timeout e un 500 Internal Server Error, seguiti infine da un 400 Bad Request con dettaglio ""User already assigned to the client"". Questo comportamento dimostra che, nonostante i codici di errore della famiglia 5XX ricevuti inizialmente, l'operazione è stata in realtà presa in carico ed eseguita con successo dal backend. Il KO è pertanto da considerarsi un falso negativo applicativo, causato da un problema di latenza o di gestione dei timeout infrastrutturali che ha interrotto la corretta ricezione della risposta.","Analisi dei log ed esecuzione in locale.
",,PIN-10570
[M2M_ESERVICE_PUBLISHED_UPDATE_DELEGATION_10],"failed: java.lang.RuntimeException: Invalid response 400 BAD_REQUEST: class Client {    id: 244a7649-0a2c-407a-9b83-e2b548b4b9d8    createdAt: 2026-07-08T20:21:44.598Z    consumer: class CompactOrganization {        id: e79a24cd-8edc-441e-ae8d-e87c3aea0059        name: Comune di Milano        kind: null        contactMail: null        hasUnreadNotifications: null    }    admin: null    name: client-0-0-1579118168    purposes: []    description: Descrizione client    kind: API}	at it.pagopa.interop.authorization.service.DataPreparationService.assertValidResponse(DataPreparationService.java:147)	at it.pagopa.interop.authorization.service.DataPreparationService.addMemberToClient(DataPreparationService.java:71)	at it.pagopa.interop.authorization.service.M2MTokenService.getToken(M2MTokenService.java:79)	at it.pagopa.interop.authorization.service.identity.IdentityServiceInteropImpl.getToken(IdentityServiceInteropImpl.java:36)	at it.pagopa.interop.authorization.service.identity.IdentityServiceInteropImpl.getToken(IdentityServiceInteropImpl.java:29)	at it.pagopa.pn.interop.cucumber.steps.m2m.M2MAuthSteps.authenticateM2MUser(M2MAuthSteps.java:61)	at ✽.l'utente è un ""admin"" di ""PA1"" con ruolo M2M m2m-admin(classpath:it/pagopa/pn/cucumber/m2mgateway/eservices.feature:1204)","
","
","Il test fallisce perché l'endpoint restituisce inizialmente una serie di errori 504 Gateway Timeout e un 500 Internal Server Error, seguiti infine da un 400 Bad Request con dettaglio ""User already assigned to the client"". Questo comportamento dimostra che, nonostante i codici di errore della famiglia 5XX ricevuti inizialmente, l'operazione è stata in realtà presa in carico ed eseguita con successo dal backend. Il KO è pertanto da considerarsi un falso negativo applicativo, causato da un problema di latenza o di gestione dei timeout infrastrutturali che ha interrotto la corretta ricezione della risposta.","Analisi dei log ed esecuzione in locale.
",,PIN-10570
[M2M_ESERVICE_PUBLISHED_UPDATE_DELEGATION_10],"failed: java.lang.RuntimeException: Invalid response 400 BAD_REQUEST: class Client {    id: 3333ebe5-d32a-4ef6-9cd5-d09cdb62e1db    createdAt: 2026-07-08T20:21:48.331Z    consumer: class CompactOrganization {        id: e79a24cd-8edc-441e-ae8d-e87c3aea0059        name: Comune di Milano        kind: null        contactMail: null        hasUnreadNotifications: null    }    admin: null    name: client-0-0-1599094314    purposes: []    description: Descrizione client    kind: API}	at it.pagopa.interop.authorization.service.DataPreparationService.assertValidResponse(DataPreparationService.java:147)	at it.pagopa.interop.authorization.service.DataPreparationService.addMemberToClient(DataPreparationService.java:71)	at it.pagopa.interop.authorization.service.M2MTokenService.getToken(M2MTokenService.java:79)	at it.pagopa.interop.authorization.service.identity.IdentityServiceInteropImpl.getToken(IdentityServiceInteropImpl.java:36)	at it.pagopa.interop.authorization.service.identity.IdentityServiceInteropImpl.getToken(IdentityServiceInteropImpl.java:29)	at it.pagopa.pn.interop.cucumber.steps.m2m.M2MAuthSteps.authenticateM2MUser(M2MAuthSteps.java:61)	at ✽.l'utente è un ""admin"" di ""PA1"" con ruolo M2M m2m-admin(classpath:it/pagopa/pn/cucumber/m2mgateway/eservices.feature:1204)","
","
","Il test fallisce perché l'endpoint restituisce inizialmente una serie di errori 504 Gateway Timeout e un 500 Internal Server Error, seguiti infine da un 400 Bad Request con dettaglio ""User already assigned to the client"". Questo comportamento dimostra che, nonostante i codici di errore della famiglia 5XX ricevuti inizialmente, l'operazione è stata in realtà presa in carico ed eseguita con successo dal backend. Il KO è pertanto da considerarsi un falso negativo applicativo, causato da un problema di latenza o di gestione dei timeout infrastrutturali che ha interrotto la corretta ricezione della risposta.","Analisi dei log ed esecuzione in locale.
",,PIN-10570
[M2M_ESERVICE_PUBLISHED_UPDATE_DELEGATION_10],"failed: java.lang.RuntimeException: Invalid response 400 BAD_REQUEST: class Client {    id: 014a85c8-3e97-4078-a320-c55a6d46194e    createdAt: 2026-07-08T20:21:38.073Z    consumer: class CompactOrganization {        id: e79a24cd-8edc-441e-ae8d-e87c3aea0059        name: Comune di Milano        kind: null        contactMail: null        hasUnreadNotifications: null    }    admin: null    name: client-0-0-609885632    purposes: []    description: Descrizione client    kind: API}	at it.pagopa.interop.authorization.service.DataPreparationService.assertValidResponse(DataPreparationService.java:147)	at it.pagopa.interop.authorization.service.DataPreparationService.addMemberToClient(DataPreparationService.java:71)	at it.pagopa.interop.authorization.service.M2MTokenService.getToken(M2MTokenService.java:79)	at it.pagopa.interop.authorization.service.identity.IdentityServiceInteropImpl.getToken(IdentityServiceInteropImpl.java:36)	at it.pagopa.interop.authorization.service.identity.IdentityServiceInteropImpl.getToken(IdentityServiceInteropImpl.java:29)	at it.pagopa.pn.interop.cucumber.steps.m2m.M2MAuthSteps.authenticateM2MUser(M2MAuthSteps.java:61)	at ✽.l'utente è un ""admin"" di ""PA1"" con ruolo M2M m2m-admin(classpath:it/pagopa/pn/cucumber/m2mgateway/eservices.feature:1204)","
","
","Il test fallisce perché l'endpoint restituisce inizialmente una serie di errori 504 Gateway Timeout e un 500 Internal Server Error, seguiti infine da un 400 Bad Request con dettaglio ""User already assigned to the client"". Questo comportamento dimostra che, nonostante i codici di errore della famiglia 5XX ricevuti inizialmente, l'operazione è stata in realtà presa in carico ed eseguita con successo dal backend. Il KO è pertanto da considerarsi un falso negativo applicativo, causato da un problema di latenza o di gestione dei timeout infrastrutturali che ha interrotto la corretta ricezione della risposta.","Analisi dei log ed esecuzione in locale.
",,PIN-10570
[M2M_ESERVICE_PUBLISHED_DISABLE_DELEGATION_3],"failed: java.lang.RuntimeException: Invalid response 400 BAD_REQUEST: class Client {    id: e3dd73ce-47ff-4a24-883f-0b78824739d7    createdAt: 2026-07-08T20:10:40.901Z    consumer: class CompactOrganization {        id: a7a87b2c-5742-43fb-a847-6304bb0414b4        name: SOGECAP        kind: null        contactMail: null        hasUnreadNotifications: null    }    admin: null    name: client-0-0-579769454    purposes: []    description: Descrizione client    kind: API}	at it.pagopa.interop.authorization.service.DataPreparationService.assertValidResponse(DataPreparationService.java:147)	at it.pagopa.interop.authorization.service.DataPreparationService.addMemberToClient(DataPreparationService.java:71)	at it.pagopa.interop.authorization.service.M2MTokenService.getToken(M2MTokenService.java:79)	at it.pagopa.interop.authorization.service.identity.IdentityServiceInteropImpl.getToken(IdentityServiceInteropImpl.java:36)	at it.pagopa.interop.authorization.service.identity.IdentityServiceInteropImpl.getToken(IdentityServiceInteropImpl.java:29)	at it.pagopa.pn.interop.cucumber.steps.m2m.M2MAuthSteps.authenticateM2MUser(M2MAuthSteps.java:61)	at ✽.l'utente è un ""admin"" di ""Privato"" con ruolo M2M m2m-admin(classpath:it/pagopa/pn/cucumber/m2mgateway/eservices.feature:1320)","
","
","Il test fallisce perché l'endpoint restituisce inizialmente una serie di errori 504 Gateway Timeout e un 500 Internal Server Error, seguiti infine da un 400 Bad Request con dettaglio ""User already assigned to the client"". Questo comportamento dimostra che, nonostante i codici di errore della famiglia 5XX ricevuti inizialmente, l'operazione è stata in realtà presa in carico ed eseguita con successo dal backend. Il KO è pertanto da considerarsi un falso negativo applicativo, causato da un problema di latenza o di gestione dei timeout infrastrutturali che ha interrotto la corretta ricezione della risposta.","Analisi dei log ed esecuzione in locale.
",,PIN-10570
[M2M_ESERVICE_PUBLISHED_DISABLE_DELEGATION_5],"failed: java.lang.RuntimeException: Invalid response 400 BAD_REQUEST: class Client {    id: 6615d918-d75d-41ec-9efe-afbbbba3d5e0    createdAt: 2026-07-08T20:05:11.243Z    consumer: class CompactOrganization {        id: a7a87b2c-5742-43fb-a847-6304bb0414b4        name: SOGECAP        kind: null        contactMail: null        hasUnreadNotifications: null    }    admin: null    name: client-0-0-1074795514    purposes: []    description: Descrizione client    kind: API}	at it.pagopa.interop.authorization.service.DataPreparationService.assertValidResponse(DataPreparationService.java:147)	at it.pagopa.interop.authorization.service.DataPreparationService.addMemberToClient(DataPreparationService.java:71)	at it.pagopa.interop.authorization.service.M2MTokenService.getToken(M2MTokenService.java:79)	at it.pagopa.interop.authorization.service.identity.IdentityServiceInteropImpl.getToken(IdentityServiceInteropImpl.java:36)	at it.pagopa.interop.authorization.service.identity.IdentityServiceInteropImpl.getToken(IdentityServiceInteropImpl.java:29)	at it.pagopa.pn.interop.cucumber.steps.m2m.M2MAuthSteps.authenticateM2MUser(M2MAuthSteps.java:61)	at ✽.l'utente è un ""admin"" di ""Privato"" con ruolo M2M m2m-admin(classpath:it/pagopa/pn/cucumber/m2mgateway/eservices.feature:1368)","
","
","Il test fallisce perché l'endpoint restituisce inizialmente una serie di errori 504 Gateway Timeout e un 500 Internal Server Error, seguiti infine da un 400 Bad Request con dettaglio ""User already assigned to the client"". Questo comportamento dimostra che, nonostante i codici di errore della famiglia 5XX ricevuti inizialmente, l'operazione è stata in realtà presa in carico ed eseguita con successo dal backend. Il KO è pertanto da considerarsi un falso negativo applicativo, causato da un problema di latenza o di gestione dei timeout infrastrutturali che ha interrotto la corretta ricezione della risposta.","Analisi dei log ed esecuzione in locale.
",,PIN-10570
[M2M_ESERVICE_PUBLISHED_ENABLE_DELEGATION_2],"failed: java.lang.RuntimeException: Invalid response 504 GATEWAY_TIMEOUT: class Client {    id: be349ace-b36d-49f5-b399-69b2badfb153    createdAt: 2026-07-08T19:59:29.757Z    consumer: class CompactOrganization {        id: e79a24cd-8edc-441e-ae8d-e87c3aea0059        name: Comune di Milano        kind: null        contactMail: null        hasUnreadNotifications: null    }    admin: class CompactUser {        userId: f07ddb8f-17f9-47d4-b31e-35d1ac10e521        name: Ivan        familyName: Diana    }    name: client-0-0-675137402    purposes: []    description: Descrizione client    kind: API}	at it.pagopa.interop.authorization.service.DataPreparationService.assertValidResponse(DataPreparationService.java:147)	at it.pagopa.interop.authorization.service.DataPreparationService.addPublicKeyToClient(DataPreparationService.java:99)	at it.pagopa.interop.authorization.service.M2MTokenService.getToken(M2MTokenService.java:89)	at it.pagopa.interop.authorization.service.identity.IdentityServiceInteropImpl.getToken(IdentityServiceInteropImpl.java:36)	at it.pagopa.interop.authorization.service.identity.IdentityServiceInteropImpl.getToken(IdentityServiceInteropImpl.java:29)	at it.pagopa.pn.interop.cucumber.steps.m2m.M2MAuthSteps.authenticateM2MUser(M2MAuthSteps.java:61)	at ✽.l'utente è un ""admin"" di ""PA1"" con ruolo M2M m2m-admin(classpath:it/pagopa/pn/cucumber/m2mgateway/eservices.feature:1452)","
","
","Il test fallisce perché l'endpoint restituisce inizialmente una serie di errori 504 Gateway Timeout e un 500 Internal Server Error, seguiti infine da un 400 Bad Request con dettaglio ""User already assigned to the client"". Questo comportamento dimostra che, nonostante i codici di errore della famiglia 5XX ricevuti inizialmente, l'operazione è stata in realtà presa in carico ed eseguita con successo dal backend. Il KO è pertanto da considerarsi un falso negativo applicativo, causato da un problema di latenza o di gestione dei timeout infrastrutturali che ha interrotto la corretta ricezione della risposta.","Analisi dei log ed esecuzione in locale.
",,PIN-10570
[ESERVICE_CREATION_DESCRIPTION_MAX_LENGTH_3],"failed: java.lang.RuntimeException: Invalid response 504 GATEWAY_TIMEOUT: class Client {    id: 9f03c507-8d72-45ed-b756-0d08b6331895    createdAt: 2026-07-08T19:53:58.633Z    consumer: class CompactOrganization {        id: e79a24cd-8edc-441e-ae8d-e87c3aea0059        name: Comune di Milano        kind: null        contactMail: null        hasUnreadNotifications: null    }    admin: class CompactUser {        userId: f07ddb8f-17f9-47d4-b31e-35d1ac10e521        name: Ivan        familyName: Diana    }    name: client-0-0-2098618148    purposes: []    description: Descrizione client    kind: API}	at it.pagopa.interop.authorization.service.DataPreparationService.assertValidResponse(DataPreparationService.java:147)	at it.pagopa.interop.authorization.service.DataPreparationService.addPublicKeyToClient(DataPreparationService.java:99)	at it.pagopa.interop.authorization.service.M2MTokenService.getToken(M2MTokenService.java:89)	at it.pagopa.interop.authorization.service.identity.IdentityServiceInteropImpl.getToken(IdentityServiceInteropImpl.java:36)	at it.pagopa.interop.authorization.service.identity.IdentityServiceInteropImpl.getToken(IdentityServiceInteropImpl.java:29)	at it.pagopa.pn.interop.cucumber.steps.m2m.M2MAuthSteps.authenticateM2MUser(M2MAuthSteps.java:61)	at ✽.l'utente è un ""admin"" di ""PA1"" con ruolo M2M m2m-admin(classpath:it/pagopa/pn/cucumber/m2mgateway/eservices.feature:1510)","
","
","Il test fallisce perché l'endpoint restituisce inizialmente una serie di errori 504 Gateway Timeout e un 500 Internal Server Error, seguiti infine da un 400 Bad Request con dettaglio ""User already assigned to the client"". Questo comportamento dimostra che, nonostante i codici di errore della famiglia 5XX ricevuti inizialmente, l'operazione è stata in realtà presa in carico ed eseguita con successo dal backend. Il KO è pertanto da considerarsi un falso negativo applicativo, causato da un problema di latenza o di gestione dei timeout infrastrutturali che ha interrotto la corretta ricezione della risposta.","Analisi dei log ed esecuzione in locale.
",,PIN-10570
[M2M_PURPOSES_VERSIONS_6],"failed: java.lang.RuntimeException: Invalid response 504 GATEWAY_TIMEOUT: [class CompactUser {    userId: 4ea722c3-defd-4372-a0c4-b4613072b632    name: Andrea    familyName: Bianchi}]	at it.pagopa.interop.authorization.service.DataPreparationService.assertValidResponse(DataPreparationService.java:147)	at it.pagopa.interop.authorization.service.DataPreparationService.addPublicKeyToClient(DataPreparationService.java:99)	at it.pagopa.interop.authorization.service.M2MTokenService.getToken(M2MTokenService.java:89)	at it.pagopa.interop.authorization.service.identity.IdentityServiceInteropImpl.getToken(IdentityServiceInteropImpl.java:36)	at it.pagopa.interop.authorization.service.identity.IdentityServiceInteropImpl.getToken(IdentityServiceInteropImpl.java:29)	at it.pagopa.pn.interop.cucumber.steps.m2m.M2MAuthSteps.authenticateM2MUser(M2MAuthSteps.java:61)	at ✽.l'utente è un ""admin"" di ""PA2"" con ruolo M2M m2m(classpath:it/pagopa/pn/cucumber/m2mgateway/purposes.feature:93)","
","
","Il test fallisce perché l'endpoint restituisce inizialmente una serie di errori 504 Gateway Timeout e un 500 Internal Server Error, seguiti infine da un 400 Bad Request con dettaglio ""User already assigned to the client"". Questo comportamento dimostra che, nonostante i codici di errore della famiglia 5XX ricevuti inizialmente, l'operazione è stata in realtà presa in carico ed eseguita con successo dal backend. Il KO è pertanto da considerarsi un falso negativo applicativo, causato da un problema di latenza o di gestione dei timeout infrastrutturali che ha interrotto la corretta ricezione della risposta.","Analisi dei log ed esecuzione in locale.
",,PIN-10570
[M2MG_PURPOSES_52],"failed: java.lang.RuntimeException: Invalid response 504 GATEWAY_TIMEOUT: class Client {    id: 5663fa69-0019-4666-ad7b-9db75f6ef7cf    createdAt: 2026-07-08T19:53:58.802Z    consumer: class CompactOrganization {        id: 0e9e2dab-2e93-4f24-ba59-38d9f11198ca        name: Agenzia per L'Italia Digitale        kind: null        contactMail: null        hasUnreadNotifications: null    }    admin: class CompactUser {        userId: 4ea722c3-defd-4372-a0c4-b4613072b632        name: Andrea        familyName: Bianchi    }    name: client-0-0-953786504    purposes: []    description: Descrizione client    kind: API}	at it.pagopa.interop.authorization.service.DataPreparationService.assertValidResponse(DataPreparationService.java:147)	at it.pagopa.interop.authorization.service.DataPreparationService.addPublicKeyToClient(DataPreparationService.java:99)	at it.pagopa.interop.authorization.service.M2MTokenService.getToken(M2MTokenService.java:89)	at it.pagopa.interop.authorization.service.identity.IdentityServiceInteropImpl.getToken(IdentityServiceInteropImpl.java:36)	at it.pagopa.interop.authorization.service.identity.IdentityServiceInteropImpl.getToken(IdentityServiceInteropImpl.java:29)	at it.pagopa.pn.interop.cucumber.steps.m2m.M2MAuthSteps.authenticateM2MUser(M2MAuthSteps.java:61)	at ✽.l'utente è un ""admin"" di ""PA2"" con ruolo M2M m2m-admin(classpath:it/pagopa/pn/cucumber/m2mgateway/purposes.feature:592)","
","
","Il test fallisce perché l'endpoint restituisce inizialmente una serie di errori 504 Gateway Timeout e un 500 Internal Server Error, seguiti infine da un 400 Bad Request con dettaglio ""User already assigned to the client"". Questo comportamento dimostra che, nonostante i codici di errore della famiglia 5XX ricevuti inizialmente, l'operazione è stata in realtà presa in carico ed eseguita con successo dal backend. Il KO è pertanto da considerarsi un falso negativo applicativo, causato da un problema di latenza o di gestione dei timeout infrastrutturali che ha interrotto la corretta ricezione della risposta.","Analisi dei log ed esecuzione in locale.
",,PIN-10570
[M2M_PURPOSES_AGREEMENT_1],"failed: java.lang.RuntimeException: Invalid response 400 BAD_REQUEST: class Client {    id: 8772b791-8fdd-477a-b408-00976465b741    createdAt: 2026-07-08T19:48:35.481Z    consumer: class CompactOrganization {        id: 0e9e2dab-2e93-4f24-ba59-38d9f11198ca        name: Agenzia per L'Italia Digitale        kind: null        contactMail: null        hasUnreadNotifications: null    }    admin: null    name: client-0-0-2007703617    purposes: []    description: Descrizione client    kind: API}	at it.pagopa.interop.authorization.service.DataPreparationService.assertValidResponse(DataPreparationService.java:147)	at it.pagopa.interop.authorization.service.DataPreparationService.addMemberToClient(DataPreparationService.java:71)	at it.pagopa.interop.authorization.service.M2MTokenService.getToken(M2MTokenService.java:79)	at it.pagopa.interop.authorization.service.identity.IdentityServiceInteropImpl.getToken(IdentityServiceInteropImpl.java:36)	at it.pagopa.interop.authorization.service.identity.IdentityServiceInteropImpl.getToken(IdentityServiceInteropImpl.java:29)	at it.pagopa.pn.interop.cucumber.steps.m2m.M2MAuthSteps.authenticateM2MUser(M2MAuthSteps.java:61)	at ✽.l'utente è un ""admin"" di ""PA2"" con ruolo M2M m2m-admin(classpath:it/pagopa/pn/cucumber/m2mgateway/purposes.feature:688)","
","
","Il test fallisce perché l'endpoint restituisce inizialmente una serie di errori 504 Gateway Timeout e un 500 Internal Server Error, seguiti infine da un 400 Bad Request con dettaglio ""User already assigned to the client"". Questo comportamento dimostra che, nonostante i codici di errore della famiglia 5XX ricevuti inizialmente, l'operazione è stata in realtà presa in carico ed eseguita con successo dal backend. Il KO è pertanto da considerarsi un falso negativo applicativo, causato da un problema di latenza o di gestione dei timeout infrastrutturali che ha interrotto la corretta ricezione della risposta.","Analisi dei log ed esecuzione in locale.
",,PIN-10570
[M2M_PATCH_REVERSE_PURPOSE_1.1],"failed: java.lang.RuntimeException: Invalid response 400 BAD_REQUEST: class Client {    id: 706f0e9e-f2a2-44aa-8f49-bf27f2daa16b    createdAt: 2026-07-08T19:32:11.587Z    consumer: class CompactOrganization {        id: 0e9e2dab-2e93-4f24-ba59-38d9f11198ca        name: Agenzia per L'Italia Digitale        kind: null        contactMail: null        hasUnreadNotifications: null    }    admin: null    name: client-0-0-740281982    purposes: []    description: Descrizione client    kind: API}	at it.pagopa.interop.authorization.service.DataPreparationService.assertValidResponse(DataPreparationService.java:147)	at it.pagopa.interop.authorization.service.DataPreparationService.addMemberToClient(DataPreparationService.java:71)	at it.pagopa.interop.authorization.service.M2MTokenService.getToken(M2MTokenService.java:79)	at it.pagopa.interop.authorization.service.identity.IdentityServiceInteropImpl.getToken(IdentityServiceInteropImpl.java:36)	at it.pagopa.interop.authorization.service.identity.IdentityServiceInteropImpl.getToken(IdentityServiceInteropImpl.java:29)	at it.pagopa.pn.interop.cucumber.steps.m2m.M2MAuthSteps.authenticateM2MUser(M2MAuthSteps.java:61)	at ✽.l'utente è un ""admin"" di ""PA2"" con ruolo M2M m2m-admin(classpath:it/pagopa/pn/cucumber/m2mgateway/purposes.feature:919)","
","
","Il test fallisce perché l'endpoint restituisce inizialmente una serie di errori 504 Gateway Timeout e un 500 Internal Server Error, seguiti infine da un 400 Bad Request con dettaglio ""User already assigned to the client"". Questo comportamento dimostra che, nonostante i codici di errore della famiglia 5XX ricevuti inizialmente, l'operazione è stata in realtà presa in carico ed eseguita con successo dal backend. Il KO è pertanto da considerarsi un falso negativo applicativo, causato da un problema di latenza o di gestione dei timeout infrastrutturali che ha interrotto la corretta ricezione della risposta.","Analisi dei log ed esecuzione in locale.
",,PIN-10570
[M2M_REVERSE_PURPOSE_PATCH_4],"failed: java.lang.RuntimeException: Invalid response 400 BAD_REQUEST: class Client {    id: 5d2f59c3-2979-475c-bfca-36589a3bdb1c    createdAt: 2026-07-08T19:27:08.064Z    consumer: class CompactOrganization {        id: e79a24cd-8edc-441e-ae8d-e87c3aea0059        name: Comune di Milano        kind: null        contactMail: null        hasUnreadNotifications: null    }    admin: null    name: client-0-0-1503690992    purposes: []    description: Descrizione client    kind: API}	at it.pagopa.interop.authorization.service.DataPreparationService.assertValidResponse(DataPreparationService.java:147)	at it.pagopa.interop.authorization.service.DataPreparationService.addMemberToClient(DataPreparationService.java:71)	at it.pagopa.interop.authorization.service.M2MTokenService.getToken(M2MTokenService.java:79)	at it.pagopa.interop.authorization.service.identity.IdentityServiceInteropImpl.getToken(IdentityServiceInteropImpl.java:36)	at it.pagopa.interop.authorization.service.identity.IdentityServiceInteropImpl.getToken(IdentityServiceInteropImpl.java:29)	at it.pagopa.pn.interop.cucumber.steps.m2m.M2MAuthSteps.authenticateM2MUser(M2MAuthSteps.java:61)	at ✽.l'utente è un ""admin"" di ""PA1"" con ruolo M2M m2m-admin(classpath:it/pagopa/pn/cucumber/m2mgateway/purposes.feature:970)","
","
","Il test fallisce perché l'endpoint restituisce inizialmente una serie di errori 504 Gateway Timeout e un 500 Internal Server Error, seguiti infine da un 400 Bad Request con dettaglio ""User already assigned to the client"". Questo comportamento dimostra che, nonostante i codici di errore della famiglia 5XX ricevuti inizialmente, l'operazione è stata in realtà presa in carico ed eseguita con successo dal backend. Il KO è pertanto da considerarsi un falso negativo applicativo, causato da un problema di latenza o di gestione dei timeout infrastrutturali che ha interrotto la corretta ricezione della risposta.","Analisi dei log ed esecuzione in locale.
",,PIN-10570